Date,Open,High,Low,Close,Volume,Adj Close,clave_empresa
2006-10-02,14.0,14.0,13.99,14.0,615600,4.27,MEXCHEM.MX
2006-10-03,14.01,14.01,13.99,14.0,3082800,4.27,MEXCHEM.MX
2006-10-04,14.1,14.1,13.95,14.01,669900,4.27,MEXCHEM.MX
2006-10-05,13.9,14.1,13.9,14.01,1586100,4.27,MEXCHEM.MX
2006-10-06,14.0,14.35,14.0,14.35,838800,4.37,MEXCHEM.MX
2006-10-09,14.35,14.45,14.29,14.45,670200,4.4,MEXCHEM.MX
2006-10-10,14.46,14.46,14.22,14.39,1004100,4.39,MEXCHEM.MX
2006-10-11,14.4,14.45,14.34,14.41,5136000,4.39,MEXCHEM.MX
2006-10-12,14.49,14.69,14.49,14.65,14643000,4.46,MEXCHEM.MX
2006-10-13,14.6,14.7,14.6,14.7,1569900,4.48,MEXCHEM.MX
2006-10-16,14.8,15.05,14.79,14.99,1281600,4.57,MEXCHEM.MX
2006-10-17,14.94,14.94,14.85,14.93,24550800,4.55,MEXCHEM.MX
2006-10-18,14.9,15.15,14.9,15.14,3237600,4.61,MEXCHEM.MX
2006-10-19,15.1,15.3,14.93,15.3,841800,4.66,MEXCHEM.MX
2006-10-20,15.09,15.4,15.0,15.39,6312900,4.69,MEXCHEM.MX
2006-10-23,15.5,15.7,15.5,15.5,964800,4.72,MEXCHEM.MX
2006-10-24,15.25,15.6,15.25,15.59,880200,4.75,MEXCHEM.MX
2006-10-25,15.59,15.6,15.5,15.6,599700,4.75,MEXCHEM.MX
2006-10-26,16.0,16.0,15.4,15.64,359700,4.77,MEXCHEM.MX
2006-10-27,15.6,15.6,15.4,15.4,621900,4.69,MEXCHEM.MX
2006-10-30,15.4,15.4,15.24,15.25,810900,4.65,MEXCHEM.MX
2006-10-31,15.5,15.61,15.39,15.61,1085400,4.76,MEXCHEM.MX
2006-11-01,15.61,15.7,15.6,15.62,738900,4.76,MEXCHEM.MX
2006-11-02,15.62,15.62,15.62,15.62,0,4.76,MEXCHEM.MX
2006-11-03,15.45,15.45,15.4,15.45,716400,4.71,MEXCHEM.MX
2006-11-06,15.6,16.0,15.6,15.6,402600,4.75,MEXCHEM.MX
2006-11-07,15.6,15.7,15.6,15.7,379200,4.78,MEXCHEM.MX
2006-11-08,15.7,15.9,15.7,15.88,690300,4.84,MEXCHEM.MX
2006-11-09,15.9,15.99,15.85,15.85,3481200,4.83,MEXCHEM.MX
2006-11-10,15.8,15.99,15.8,15.99,231300,4.87,MEXCHEM.MX
2006-11-13,15.9,16.2,15.9,16.2,358500,4.94,MEXCHEM.MX
2006-11-14,16.2,16.2,16.1,16.2,317400,4.94,MEXCHEM.MX
2006-11-15,16.2,16.5,16.15,16.5,5640300,5.03,MEXCHEM.MX
2006-11-16,16.45,16.55,16.45,16.55,1918200,5.04,MEXCHEM.MX
2006-11-17,16.5,16.8,16.3,16.77,184500,5.11,MEXCHEM.MX
2006-11-20,16.77,16.77,16.77,16.77,0,5.11,MEXCHEM.MX
2006-11-21,16.91,17.0,16.75,17.0,1117500,5.18,MEXCHEM.MX
2006-11-22,17.0,17.2,16.9,17.19,1483500,5.24,MEXCHEM.MX
2006-11-23,17.19,17.32,17.19,17.2,1022400,5.24,MEXCHEM.MX
2006-11-24,17.3,17.3,17.1,17.2,618000,5.24,MEXCHEM.MX
2006-11-27,17.2,17.2,16.8,16.8,917700,5.12,MEXCHEM.MX
2006-11-28,16.8,16.8,16.7,16.8,505200,5.12,MEXCHEM.MX
2006-11-29,16.8,16.8,16.5,16.5,1830000,5.03,MEXCHEM.MX
2006-11-30,16.4,16.9,16.21,16.68,846900,5.08,MEXCHEM.MX
2006-12-01,16.68,16.68,16.68,16.68,0,5.08,MEXCHEM.MX
2006-12-04,16.68,16.68,16.4,16.5,3881100,5.03,MEXCHEM.MX
2006-12-05,16.5,17.0,16.5,16.7,3854400,5.09,MEXCHEM.MX
2006-12-06,16.7,17.99,16.6,17.87,10096500,5.45,MEXCHEM.MX
2006-12-07,17.87,18.0,17.6,17.87,1672800,5.45,MEXCHEM.MX
2006-12-08,18.0,18.3,18.0,18.0,1268700,5.49,MEXCHEM.MX
2006-12-11,17.9,18.6,17.85,18.31,1860300,5.58,MEXCHEM.MX
2006-12-12,18.31,18.31,18.31,18.31,0,5.58,MEXCHEM.MX
2006-12-13,18.3,18.5,18.1,18.5,969300,5.64,MEXCHEM.MX
2006-12-14,18.55,18.75,18.53,18.65,1987200,5.68,MEXCHEM.MX
2006-12-15,18.65,18.8,18.65,18.75,582600,5.71,MEXCHEM.MX
2006-12-18,19.0,19.0,18.5,18.51,1245600,5.64,MEXCHEM.MX
2006-12-19,18.6,19.0,18.51,18.51,495000,5.64,MEXCHEM.MX
2006-12-20,18.49,18.9,18.0,18.45,234900,5.62,MEXCHEM.MX
2006-12-21,18.9,18.9,18.7,18.7,397200,5.7,MEXCHEM.MX
2006-12-22,18.5,18.99,18.5,18.54,249300,5.65,MEXCHEM.MX
2006-12-25,18.54,18.54,18.54,18.54,0,5.65,MEXCHEM.MX
2006-12-26,18.5,18.6,18.5,18.6,398100,5.67,MEXCHEM.MX
2006-12-27,19.0,19.0,18.9,19.0,438900,5.79,MEXCHEM.MX
2006-12-28,18.98,19.1,18.98,19.1,538200,5.82,MEXCHEM.MX
2006-12-29,19.0,19.0,18.85,18.85,645000,5.74,MEXCHEM.MX
2007-01-01,18.85,18.85,18.85,18.85,0,5.74,MEXCHEM.MX
2007-01-02,18.99,19.0,18.95,19.0,402900,5.79,MEXCHEM.MX
2007-01-03,19.0,19.0,18.75,18.8,347400,5.73,MEXCHEM.MX
2007-01-04,18.9,19.0,18.88,19.0,556800,5.79,MEXCHEM.MX
2007-01-05,19.0,19.0,18.9,19.0,921000,5.79,MEXCHEM.MX
2007-01-08,19.0,19.1,18.9,18.9,638100,5.76,MEXCHEM.MX
2007-01-09,18.9,18.9,18.7,18.9,265800,5.76,MEXCHEM.MX
2007-01-10,18.9,19.5,18.9,19.01,831900,5.79,MEXCHEM.MX
2007-01-11,19.0,19.05,18.9,19.05,441000,5.81,MEXCHEM.MX
2007-01-12,18.8,19.15,18.6,19.11,610500,5.82,MEXCHEM.MX
2007-01-15,19.11,19.2,19.11,19.2,255900,5.85,MEXCHEM.MX
2007-01-16,19.2,19.3,19.18,19.3,830700,5.88,MEXCHEM.MX
2007-01-17,19.01,19.2,19.0,19.2,666000,5.85,MEXCHEM.MX
2007-01-18,19.15,19.3,19.0,19.3,7166400,5.88,MEXCHEM.MX
2007-01-19,19.3,19.4,19.25,19.4,7739400,5.91,MEXCHEM.MX
2007-01-22,19.4,19.5,19.2,19.45,1106700,5.93,MEXCHEM.MX
2007-01-23,19.4,19.99,19.4,19.72,6874200,6.01,MEXCHEM.MX
2007-01-24,19.72,20.25,19.7,20.2,21537000,6.16,MEXCHEM.MX
2007-01-25,19.61,20.0,19.61,20.0,5142600,6.1,MEXCHEM.MX
2007-01-26,19.75,20.0,19.75,20.0,680400,6.1,MEXCHEM.MX
2007-01-29,19.9,20.0,19.9,20.0,1844100,6.1,MEXCHEM.MX
2007-01-30,20.0,20.2,20.0,20.15,360900,6.14,MEXCHEM.MX
2007-01-31,20.0,20.3,20.0,20.22,1878900,6.16,MEXCHEM.MX
2007-02-01,20.2,20.25,20.0,20.09,1855500,6.12,MEXCHEM.MX
2007-02-02,20.1,20.2,20.1,20.2,686400,6.16,MEXCHEM.MX
2007-02-05,20.2,20.2,20.2,20.2,0,6.16,MEXCHEM.MX
2007-02-06,20.3,20.3,20.05,20.1,847800,6.13,MEXCHEM.MX
2007-02-07,20.15,20.15,20.05,20.1,2525400,6.13,MEXCHEM.MX
2007-02-08,20.1,20.12,19.85,19.9,2651100,6.06,MEXCHEM.MX
2007-02-09,19.8,19.8,19.7,19.8,1329900,6.03,MEXCHEM.MX
2007-02-12,19.9,19.9,19.85,19.85,251700,6.05,MEXCHEM.MX
2007-02-13,19.61,20.1,19.61,20.1,3356400,6.13,MEXCHEM.MX
2007-02-14,20.1,20.3,20.1,20.27,426300,6.18,MEXCHEM.MX
2007-02-15,20.2,20.4,20.0,20.4,1894800,6.22,MEXCHEM.MX
2007-02-16,20.4,20.5,20.0,20.5,1947900,6.25,MEXCHEM.MX
2007-02-19,20.5,20.6,20.5,20.6,409500,6.28,MEXCHEM.MX
2007-02-20,20.6,20.6,20.5,20.6,772200,6.28,MEXCHEM.MX
2007-02-21,20.6,21.49,20.6,21.1,3471300,6.43,MEXCHEM.MX
2007-02-22,21.1,22.7,20.9,22.6,7095600,6.89,MEXCHEM.MX
2007-02-23,22.6,25.0,22.6,25.0,3534000,7.62,MEXCHEM.MX
2007-02-26,24.9,25.9,24.89,25.04,14331300,7.63,MEXCHEM.MX
2007-02-27,24.8,25.0,23.5,23.76,4370400,7.24,MEXCHEM.MX
2007-02-28,24.03,24.06,23.4,23.75,2504400,7.24,MEXCHEM.MX
2007-03-01,23.75,24.0,23.4,23.87,1644600,7.27,MEXCHEM.MX
2007-03-02,23.87,23.89,23.24,23.8,864600,7.25,MEXCHEM.MX
2007-03-05,23.8,25.1,23.8,24.8,4436400,7.56,MEXCHEM.MX
2007-03-06,25.1,26.0,25.0,25.55,4608300,7.79,MEXCHEM.MX
2007-03-07,26.0,27.12,25.9,27.11,3025800,8.26,MEXCHEM.MX
2007-03-08,27.5,27.8,27.25,27.51,2316300,8.38,MEXCHEM.MX
2007-03-09,27.49,27.5,27.3,27.39,466200,8.35,MEXCHEM.MX
2007-03-12,27.51,28.02,27.5,28.0,1713000,8.53,MEXCHEM.MX
2007-03-13,28.0,28.0,27.3,27.66,1015200,8.43,MEXCHEM.MX
2007-03-14,27.66,28.0,27.65,27.95,618000,8.52,MEXCHEM.MX
2007-03-15,27.94,29.0,27.94,28.18,987300,8.59,MEXCHEM.MX
2007-03-16,28.0,28.2,28.0,28.2,310200,8.59,MEXCHEM.MX
2007-03-19,28.2,28.2,28.2,28.2,0,8.59,MEXCHEM.MX
2007-03-20,28.25,28.25,28.1,28.2,1195200,8.59,MEXCHEM.MX
2007-03-21,28.45,28.9,28.05,28.72,813300,8.75,MEXCHEM.MX
2007-03-22,28.72,29.8,28.72,29.24,527100,8.91,MEXCHEM.MX
2007-03-23,29.0,29.79,28.8,29.08,440100,8.86,MEXCHEM.MX
2007-03-26,29.08,29.1,28.99,29.0,852600,8.84,MEXCHEM.MX
2007-03-27,28.9,28.9,28.4,28.41,1114800,8.66,MEXCHEM.MX
2007-03-28,28.43,28.43,27.8,27.88,1096200,8.5,MEXCHEM.MX
2007-03-29,28.4,28.8,28.4,28.51,1229100,8.69,MEXCHEM.MX
2007-03-30,28.51,29.0,28.5,28.83,1540200,8.79,MEXCHEM.MX
2007-04-02,29.79,30.8,29.79,30.5,1903800,9.3,MEXCHEM.MX
2007-04-03,30.5,31.0,30.3,30.37,2567100,9.26,MEXCHEM.MX
2007-04-04,30.5,30.5,29.5,30.3,913500,9.23,MEXCHEM.MX
2007-04-05,30.3,30.3,30.3,30.3,0,9.23,MEXCHEM.MX
2007-04-06,30.3,30.3,30.3,30.3,0,9.23,MEXCHEM.MX
2007-04-09,30.3,30.35,30.3,30.3,549600,9.23,MEXCHEM.MX
2007-04-10,30.3,30.3,29.76,29.99,2499900,9.14,MEXCHEM.MX
2007-04-11,30.0,30.0,29.74,29.98,1142400,9.14,MEXCHEM.MX
2007-04-12,30.0,30.5,29.99,30.5,775500,9.3,MEXCHEM.MX
2007-04-13,30.49,30.5,30.45,30.5,303900,9.3,MEXCHEM.MX
2007-04-16,30.5,31.0,30.49,30.5,1317000,9.3,MEXCHEM.MX
2007-04-17,30.4,31.0,30.4,30.65,385800,9.34,MEXCHEM.MX
2007-04-18,30.66,32.2,30.66,32.01,1145400,9.76,MEXCHEM.MX
2007-04-19,32.01,32.7,31.86,32.7,4104300,9.97,MEXCHEM.MX
2007-04-20,32.7,34.15,32.7,33.7,820200,10.27,MEXCHEM.MX
2007-04-23,33.9,34.6,33.8,34.32,2068800,10.46,MEXCHEM.MX
2007-04-24,34.32,35.9,34.32,35.59,637800,10.85,MEXCHEM.MX
2007-04-25,35.63,36.5,35.63,35.94,1889100,10.95,MEXCHEM.MX
2007-04-26,35.94,35.94,34.95,35.3,1344300,10.76,MEXCHEM.MX
2007-04-27,35.75,35.75,33.98,34.61,2058900,10.55,MEXCHEM.MX
2007-04-30,34.0,34.0,33.4,33.4,2910900,10.18,MEXCHEM.MX
2007-05-01,33.4,33.4,33.4,33.4,0,10.18,MEXCHEM.MX
2007-05-02,33.5,33.5,32.4,32.68,1645800,9.96,MEXCHEM.MX
2007-05-03,32.7,34.2,32.7,33.36,3621900,10.17,MEXCHEM.MX
2007-05-04,33.36,35.0,33.36,34.61,6671700,10.55,MEXCHEM.MX
2007-05-07,35.0,36.3,35.0,35.73,6346200,10.89,MEXCHEM.MX
2007-05-08,35.73,36.1,34.98,35.0,4321200,10.67,MEXCHEM.MX
2007-05-09,35.0,35.0,33.91,34.0,1824900,10.36,MEXCHEM.MX
2007-05-10,34.0,34.0,33.7,33.87,705300,10.32,MEXCHEM.MX
2007-05-11,33.87,33.9,32.7,32.75,3159900,9.98,MEXCHEM.MX
2007-05-14,32.8,32.81,31.4,31.46,1874100,9.59,MEXCHEM.MX
2007-05-15,31.46,32.5,31.4,31.95,3981600,9.74,MEXCHEM.MX
2007-05-16,32.0,33.0,31.49,32.7,3669900,9.97,MEXCHEM.MX
2007-05-17,32.2,33.0,32.2,32.79,1986900,9.99,MEXCHEM.MX
2007-05-18,32.79,32.79,31.8,32.11,3047100,9.79,MEXCHEM.MX
2007-05-21,32.7,32.7,32.0,32.1,1573500,9.78,MEXCHEM.MX
2007-05-22,31.75,32.49,31.75,32.37,1621800,9.87,MEXCHEM.MX
2007-05-23,32.37,32.7,32.25,32.36,2004000,9.86,MEXCHEM.MX
2007-05-24,32.3,32.3,32.0,32.0,631200,9.75,MEXCHEM.MX
2007-05-25,32.2,32.5,32.2,32.3,904800,9.84,MEXCHEM.MX
2007-05-28,32.3,32.8,32.3,32.7,1161000,9.97,MEXCHEM.MX
2007-05-29,32.9,34.0,32.5,33.56,4620000,10.23,MEXCHEM.MX
2007-05-30,33.51,34.9,33.5,34.76,3524400,10.59,MEXCHEM.MX
2007-05-31,35.0,35.2,34.26,34.37,1833300,10.47,MEXCHEM.MX
2007-06-01,34.6,35.2,34.6,34.85,3231000,10.62,MEXCHEM.MX
2007-06-04,34.85,35.0,34.1,34.9,967200,10.64,MEXCHEM.MX
2007-06-05,35.0,35.0,34.5,34.89,1042800,10.63,MEXCHEM.MX
2007-06-06,34.89,34.89,34.3,34.31,774000,10.46,MEXCHEM.MX
2007-06-07,34.87,34.87,32.99,34.0,1589100,10.36,MEXCHEM.MX
2007-06-08,34.2,34.9,34.2,34.9,1614000,10.64,MEXCHEM.MX
2007-06-11,35.1,36.1,34.95,35.54,1880100,10.83,MEXCHEM.MX
2007-06-12,35.31,35.8,35.31,35.42,987300,10.79,MEXCHEM.MX
2007-06-13,35.4,35.4,35.0,35.25,1554000,10.74,MEXCHEM.MX
2007-06-14,35.3,35.35,35.0,35.18,1340100,10.72,MEXCHEM.MX
2007-06-15,35.7,35.7,34.8,35.07,1724400,10.69,MEXCHEM.MX
2007-06-18,35.07,35.1,34.7,35.07,768900,10.69,MEXCHEM.MX
2007-06-19,35.07,35.1,34.7,35.0,775500,10.67,MEXCHEM.MX
2007-06-20,34.95,35.5,34.5,35.0,1004700,10.67,MEXCHEM.MX
2007-06-21,35.0,35.2,34.85,35.01,658800,10.67,MEXCHEM.MX
2007-06-22,35.2,35.8,35.2,35.76,2166900,10.9,MEXCHEM.MX
2007-06-25,36.0,36.79,36.0,36.2,1925400,11.03,MEXCHEM.MX
2007-06-26,36.38,36.5,35.6,35.71,1008000,10.88,MEXCHEM.MX
2007-06-27,35.67,35.67,34.5,35.17,820500,10.72,MEXCHEM.MX
2007-06-28,35.8,35.8,35.3,35.35,854100,10.77,MEXCHEM.MX
2007-06-29,35.35,35.5,35.25,35.5,467700,10.82,MEXCHEM.MX
2007-07-02,35.8,35.86,35.3,35.4,1093800,10.79,MEXCHEM.MX
2007-07-03,35.55,36.1,35.5,36.04,2856900,10.98,MEXCHEM.MX
2007-07-04,36.26,36.5,36.01,36.2,1499400,11.03,MEXCHEM.MX
2007-07-05,36.2,38.4,36.2,38.21,5073900,11.65,MEXCHEM.MX
2007-07-06,38.23,40.0,38.23,39.22,4749900,11.95,MEXCHEM.MX
2007-07-09,39.22,40.0,39.22,39.59,2060400,12.07,MEXCHEM.MX
2007-07-10,39.6,39.7,39.3,39.63,1429200,12.08,MEXCHEM.MX
2007-07-11,39.63,40.0,39.45,39.95,2520600,12.18,MEXCHEM.MX
2007-07-12,40.0,40.3,39.05,40.3,2108100,12.28,MEXCHEM.MX
2007-07-13,40.4,40.5,40.23,40.32,2497500,12.29,MEXCHEM.MX
2007-07-16,41.2,41.75,40.55,41.02,2899200,12.5,MEXCHEM.MX
2007-07-17,41.03,41.4,41.03,41.34,1048500,12.6,MEXCHEM.MX
2007-07-18,41.0,41.4,41.0,41.38,1020600,12.61,MEXCHEM.MX
2007-07-19,42.0,42.0,41.8,41.98,1160700,12.79,MEXCHEM.MX
2007-07-20,41.98,42.5,41.7,42.01,1735200,12.8,MEXCHEM.MX
2007-07-23,42.0,42.02,41.5,41.6,1079100,12.68,MEXCHEM.MX
2007-07-24,41.5,41.5,40.0,41.24,1242000,12.57,MEXCHEM.MX
2007-07-25,41.2,41.2,38.9,39.66,924900,12.09,MEXCHEM.MX
2007-07-26,39.66,39.66,34.8,36.88,3801900,11.24,MEXCHEM.MX
2007-07-27,36.88,37.85,36.5,36.72,2643900,11.19,MEXCHEM.MX
2007-07-30,36.0,36.2,35.7,35.99,2495700,10.97,MEXCHEM.MX
2007-07-31,36.0,38.1,36.0,37.22,2196900,11.34,MEXCHEM.MX
2007-08-01,37.25,37.25,35.8,36.0,2768400,10.97,MEXCHEM.MX
2007-08-02,36.0,36.2,35.5,36.05,2084400,10.99,MEXCHEM.MX
2007-08-03,36.4,36.5,36.0,36.07,1620300,10.99,MEXCHEM.MX
2007-08-06,35.95,37.0,34.8,36.97,3132000,11.27,MEXCHEM.MX
2007-08-07,37.0,37.0,35.98,36.78,4142700,11.21,MEXCHEM.MX
2007-08-08,37.0,37.5,36.7,36.88,4288200,11.24,MEXCHEM.MX
2007-08-09,36.88,36.88,36.0,36.09,1468800,11.0,MEXCHEM.MX
2007-08-10,36.0,36.0,34.0,34.86,2040000,10.62,MEXCHEM.MX
2007-08-13,35.2,35.99,34.2,34.95,493200,10.65,MEXCHEM.MX
2007-08-14,35.3,35.3,34.0,34.28,1526400,10.45,MEXCHEM.MX
2007-08-15,34.0,34.0,32.5,32.6,1166700,9.94,MEXCHEM.MX
2007-08-16,31.5,31.75,29.97,30.3,4378500,9.23,MEXCHEM.MX
2007-08-17,31.5,32.5,31.5,32.25,1591500,9.83,MEXCHEM.MX
2007-08-20,32.25,32.8,30.65,31.5,906900,9.6,MEXCHEM.MX
2007-08-21,31.6,32.48,31.6,31.9,763500,9.72,MEXCHEM.MX
2007-08-22,32.01,33.4,32.0,33.0,1233600,10.06,MEXCHEM.MX
2007-08-23,33.5,34.0,33.0,33.46,1041600,10.2,MEXCHEM.MX
2007-08-24,33.39,33.99,33.0,33.85,4231200,10.32,MEXCHEM.MX
2007-08-27,33.85,34.0,33.85,34.0,1183500,10.36,MEXCHEM.MX
2007-08-28,33.89,33.9,32.7,32.79,887100,9.99,MEXCHEM.MX
2007-08-29,32.51,33.8,32.51,33.77,1560000,10.29,MEXCHEM.MX
2007-08-30,34.1,34.1,33.65,33.7,870600,10.27,MEXCHEM.MX
2007-08-31,33.82,34.1,33.7,34.0,2940300,10.36,MEXCHEM.MX
2007-09-03,34.01,34.34,34.0,34.29,1391100,10.45,MEXCHEM.MX
2007-09-04,34.3,34.51,34.1,34.35,1111800,10.47,MEXCHEM.MX
2007-09-05,34.29,34.35,34.0,34.0,944100,10.36,MEXCHEM.MX
2007-09-06,34.0,34.4,34.0,34.24,1139700,10.44,MEXCHEM.MX
2007-09-07,34.24,34.24,33.2,33.32,1013400,10.15,MEXCHEM.MX
2007-09-10,33.2,34.14,32.9,34.0,747300,10.36,MEXCHEM.MX
2007-09-11,34.0,34.23,34.0,34.18,1228800,10.42,MEXCHEM.MX
2007-09-12,34.2,34.3,34.19,34.3,714000,10.45,MEXCHEM.MX
2007-09-13,34.5,35.08,34.41,34.64,1150200,10.56,MEXCHEM.MX
2007-09-14,34.64,34.8,34.45,34.78,379800,10.6,MEXCHEM.MX
2007-09-17,35.0,35.0,34.6,34.74,364200,10.59,MEXCHEM.MX
2007-09-18,34.89,36.0,34.55,35.33,2122500,10.77,MEXCHEM.MX
2007-09-19,35.81,36.34,35.64,35.86,5026800,10.93,MEXCHEM.MX
2007-09-20,35.86,35.86,35.0,35.01,1697700,10.67,MEXCHEM.MX
2007-09-21,35.01,35.7,35.01,35.68,530700,10.87,MEXCHEM.MX
2007-09-24,35.65,35.8,35.5,35.69,830700,10.88,MEXCHEM.MX
2007-09-25,35.69,36.0,34.0,35.71,634200,10.88,MEXCHEM.MX
2007-09-26,35.8,37.0,35.8,36.73,3853800,11.19,MEXCHEM.MX
2007-09-27,36.73,38.47,36.73,38.15,4140600,11.63,MEXCHEM.MX
2007-09-28,38.49,39.6,38.49,38.89,1779900,11.85,MEXCHEM.MX
2007-10-01,38.9,39.4,38.9,39.36,1572000,12.0,MEXCHEM.MX
2007-10-02,39.4,39.9,38.5,39.0,7698600,11.89,MEXCHEM.MX
2007-10-03,39.0,39.65,38.5,39.46,3551400,12.03,MEXCHEM.MX
2007-10-04,39.5,39.5,39.0,39.3,1165800,11.98,MEXCHEM.MX
2007-10-05,39.3,39.5,39.02,39.5,1101600,12.04,MEXCHEM.MX
2007-10-08,39.5,40.5,39.47,40.21,2927100,12.25,MEXCHEM.MX
2007-10-09,40.3,41.6,40.3,41.58,5895000,12.67,MEXCHEM.MX
2007-10-10,41.58,41.58,41.15,41.47,3105900,12.64,MEXCHEM.MX
2007-10-11,41.89,42.4,41.6,41.69,3556500,12.71,MEXCHEM.MX
2007-10-12,41.68,41.9,41.28,41.89,1340700,12.77,MEXCHEM.MX
2007-10-15,41.89,42.0,41.3,41.48,1195800,12.64,MEXCHEM.MX
2007-10-16,41.05,41.1,40.49,41.01,1567500,12.5,MEXCHEM.MX
2007-10-17,41.01,41.5,40.6,41.5,2662200,12.65,MEXCHEM.MX
2007-10-18,41.5,41.8,41.2,41.78,2613900,12.73,MEXCHEM.MX
2007-10-19,41.72,41.72,40.5,41.3,1610100,12.59,MEXCHEM.MX
2007-10-22,41.0,41.55,40.7,41.35,1321200,12.6,MEXCHEM.MX
2007-10-23,41.55,42.0,41.55,41.83,1910700,12.75,MEXCHEM.MX
2007-10-24,42.0,42.25,41.8,42.2,1397700,12.86,MEXCHEM.MX
2007-10-25,42.2,42.5,42.0,42.24,6893700,12.87,MEXCHEM.MX
2007-10-26,42.2,42.9,42.2,42.79,3102900,13.04,MEXCHEM.MX
2007-10-29,43.98,44.21,43.5,43.73,2382900,13.33,MEXCHEM.MX
2007-10-30,43.5,44.2,42.68,42.76,2858700,13.03,MEXCHEM.MX
2007-10-31,42.82,45.0,42.82,43.88,4967700,13.37,MEXCHEM.MX
2007-11-01,43.5,44.5,43.4,44.38,1936200,13.53,MEXCHEM.MX
2007-11-02,44.38,44.38,44.38,44.38,0,13.53,MEXCHEM.MX
2007-11-05,44.0,44.01,42.0,42.81,3533100,13.05,MEXCHEM.MX
2007-11-06,42.85,43.0,41.8,42.35,2962800,12.91,MEXCHEM.MX
2007-11-07,42.3,42.5,41.49,41.7,5500500,12.71,MEXCHEM.MX
2007-11-08,41.8,41.8,39.9,40.1,5086200,12.22,MEXCHEM.MX
2007-11-09,40.1,40.4,39.7,40.1,2358900,12.22,MEXCHEM.MX
2007-11-12,40.3,40.3,39.5,40.02,2185200,12.2,MEXCHEM.MX
2007-11-13,40.2,41.49,40.2,40.97,2045100,12.49,MEXCHEM.MX
2007-11-14,41.5,41.8,40.8,41.27,1287300,12.58,MEXCHEM.MX
2007-11-15,41.2,43.0,41.2,41.35,1632300,12.6,MEXCHEM.MX
2007-11-16,41.0,41.4,40.0,41.07,1397400,12.52,MEXCHEM.MX
2007-11-19,41.07,41.07,41.07,41.07,0,12.52,MEXCHEM.MX
2007-11-20,40.59,40.59,40.1,40.3,1380300,12.28,MEXCHEM.MX
2007-11-21,40.0,40.0,38.61,39.09,1148100,11.91,MEXCHEM.MX
2007-11-22,39.1,39.1,39.0,39.04,221700,11.9,MEXCHEM.MX
2007-11-23,39.1,39.5,39.1,39.4,304800,12.01,MEXCHEM.MX
2007-11-26,40.2,40.65,38.79,38.96,1058400,11.87,MEXCHEM.MX
2007-11-27,38.96,39.2,38.9,38.99,1227600,11.88,MEXCHEM.MX
2007-11-28,39.9,40.5,39.35,39.65,4321500,12.08,MEXCHEM.MX
2007-11-29,39.7,39.9,39.6,39.7,2107200,12.1,MEXCHEM.MX
2007-11-30,40.2,40.6,40.2,40.4,1323900,12.31,MEXCHEM.MX
2007-12-03,40.41,40.8,40.4,40.75,658200,12.42,MEXCHEM.MX
2007-12-04,40.7,41.5,40.2,40.75,758400,12.42,MEXCHEM.MX
2007-12-05,41.0,41.2,40.11,41.15,1530600,12.54,MEXCHEM.MX
2007-12-06,41.15,41.5,41.1,41.48,2974500,12.64,MEXCHEM.MX
2007-12-07,41.48,41.5,41.2,41.48,1129200,12.64,MEXCHEM.MX
2007-12-10,41.48,41.6,41.2,41.35,1872600,12.6,MEXCHEM.MX
2007-12-11,41.45,41.7,40.2,40.46,1715700,12.33,MEXCHEM.MX
2007-12-12,40.46,40.46,40.46,40.46,0,12.33,MEXCHEM.MX
2007-12-13,40.0,40.31,39.9,40.28,952500,12.28,MEXCHEM.MX
2007-12-14,40.28,41.12,40.0,40.28,2766900,12.28,MEXCHEM.MX
2007-12-17,40.28,41.01,39.48,39.74,2424000,12.11,MEXCHEM.MX
2007-12-18,39.8,40.85,39.8,40.73,3403500,12.41,MEXCHEM.MX
2007-12-19,40.9,42.2,40.86,41.56,4251600,12.67,MEXCHEM.MX
2007-12-20,41.56,41.7,41.5,41.69,1681200,12.71,MEXCHEM.MX
2007-12-21,42.0,42.45,42.0,42.37,1865100,12.91,MEXCHEM.MX
2007-12-24,42.37,42.55,42.2,42.36,930900,12.91,MEXCHEM.MX
2007-12-25,42.36,42.36,42.36,42.36,0,12.91,MEXCHEM.MX
2007-12-26,42.3,43.9,42.29,43.58,4596000,13.28,MEXCHEM.MX
2007-12-27,42.8,43.5,42.5,43.39,2680800,13.22,MEXCHEM.MX
2007-12-28,43.5,43.8,43.4,43.57,1099500,13.28,MEXCHEM.MX
2007-12-31,43.57,44.2,43.0,43.61,1908300,13.29,MEXCHEM.MX
2008-01-01,43.61,43.61,43.61,43.61,0,13.29,MEXCHEM.MX
2008-01-02,43.01,44.3,43.0,43.25,2033400,13.18,MEXCHEM.MX
2008-01-03,43.5,46.0,43.5,45.76,1486200,13.95,MEXCHEM.MX
2008-01-04,45.7,47.45,45.7,46.99,3461700,14.32,MEXCHEM.MX
2008-01-07,46.99,47.0,45.79,46.93,612900,14.3,MEXCHEM.MX
2008-01-08,47.5,48.0,47.3,47.33,2362500,14.42,MEXCHEM.MX
2008-01-09,46.76,47.8,46.75,47.8,1840500,14.57,MEXCHEM.MX
2008-01-10,47.7,47.8,47.0,47.35,3424200,14.43,MEXCHEM.MX
2008-01-11,47.35,47.8,46.8,47.46,1287300,14.46,MEXCHEM.MX
2008-01-14,47.5,47.8,47.5,47.8,1333200,14.57,MEXCHEM.MX
2008-01-15,46.51,48.7,46.51,48.7,1538400,14.84,MEXCHEM.MX
2008-01-16,48.0,48.25,46.7,47.9,3144000,14.6,MEXCHEM.MX
2008-01-17,47.22,47.77,45.7,46.02,2568000,14.03,MEXCHEM.MX
2008-01-18,46.9,47.24,46.25,46.75,2065200,14.25,MEXCHEM.MX
2008-01-21,46.0,46.49,42.6,43.87,18991500,13.37,MEXCHEM.MX
2008-01-22,43.87,46.0,42.5,45.25,1671900,13.91,MEXCHEM.MX
2008-01-23,44.79,46.0,43.0,45.66,1447200,14.04,MEXCHEM.MX
2008-01-24,45.8,47.6,45.69,46.95,2406600,14.44,MEXCHEM.MX
2008-01-25,48.0,49.0,47.8,48.96,2980800,15.06,MEXCHEM.MX
2008-01-28,49.35,49.7,48.98,49.39,2023200,15.19,MEXCHEM.MX
2008-01-29,49.99,50.5,49.99,50.5,3830100,15.53,MEXCHEM.MX
2008-01-30,50.3,51.25,50.3,51.06,2853600,15.7,MEXCHEM.MX
2008-01-31,49.85,53.0,49.85,52.55,28643700,16.16,MEXCHEM.MX
2008-02-01,52.53,53.5,51.45,52.94,4670100,16.28,MEXCHEM.MX
2008-02-04,52.94,52.94,52.94,52.94,0,16.28,MEXCHEM.MX
2008-02-05,53.0,53.0,51.62,52.23,1842900,16.06,MEXCHEM.MX
2008-02-06,52.28,52.7,52.24,52.7,2901600,16.21,MEXCHEM.MX
2008-02-07,52.3,52.75,52.3,52.75,1696800,16.22,MEXCHEM.MX
2008-02-08,52.75,53.0,52.0,52.49,1428900,16.14,MEXCHEM.MX
2008-02-11,53.0,53.0,52.65,52.82,481800,16.24,MEXCHEM.MX
2008-02-12,52.83,53.4,52.29,52.53,1053300,16.15,MEXCHEM.MX
2008-02-13,52.8,52.8,50.0,51.86,1848900,15.95,MEXCHEM.MX
2008-02-14,51.81,52.8,51.29,52.24,1346400,16.06,MEXCHEM.MX
2008-02-15,52.24,52.24,51.3,51.99,676800,15.99,MEXCHEM.MX
2008-02-18,51.98,52.01,51.9,52.0,714900,15.99,MEXCHEM.MX
2008-02-19,52.0,52.0,50.45,51.15,1088100,15.73,MEXCHEM.MX
2008-02-20,51.12,51.45,50.59,51.3,586800,15.77,MEXCHEM.MX
2008-02-21,51.0,51.8,50.5,50.74,814800,15.6,MEXCHEM.MX
2008-02-22,50.7,51.8,50.7,51.8,949500,15.93,MEXCHEM.MX
2008-02-25,50.5,52.1,50.1,52.08,1585200,16.01,MEXCHEM.MX
2008-02-26,52.08,53.45,52.0,53.12,1620000,16.33,MEXCHEM.MX
2008-02-27,53.12,53.5,52.5,53.07,1522200,16.32,MEXCHEM.MX
2008-02-28,52.98,54.2,52.8,54.07,2971800,16.63,MEXCHEM.MX
2008-02-29,54.07,55.9,54.0,55.35,2874300,17.02,MEXCHEM.MX
2008-03-03,54.0,55.9,53.85,55.62,1639800,17.1,MEXCHEM.MX
2008-03-04,55.65,55.8,54.52,55.43,1206600,17.04,MEXCHEM.MX
2008-03-05,55.3,55.5,54.7,55.23,5592000,16.98,MEXCHEM.MX
2008-03-06,55.0,55.9,55.0,55.79,2595000,17.16,MEXCHEM.MX
2008-03-07,55.33,56.68,55.33,56.02,5958300,17.23,MEXCHEM.MX
2008-03-10,55.5,56.0,55.3,55.43,1122000,17.04,MEXCHEM.MX
2008-03-11,56.0,56.7,55.43,56.55,1446600,17.39,MEXCHEM.MX
2008-03-12,57.0,58.3,56.55,58.14,3574800,17.88,MEXCHEM.MX
2008-03-13,58.28,58.28,56.74,57.07,2108400,17.55,MEXCHEM.MX
2008-03-14,57.13,57.13,55.6,55.92,1647000,17.2,MEXCHEM.MX
2008-03-18,55.81,55.81,54.2,54.71,1964100,16.82,MEXCHEM.MX
2008-03-19,54.25,55.0,52.71,53.63,3444300,16.49,MEXCHEM.MX
2008-03-20,53.63,53.63,53.63,53.63,0,16.49,MEXCHEM.MX
2008-03-21,53.63,53.63,53.63,53.63,0,16.49,MEXCHEM.MX
2008-03-24,53.63,53.63,51.25,52.25,2567100,16.07,MEXCHEM.MX
2008-03-25,52.25,53.1,52.11,53.03,1861800,16.31,MEXCHEM.MX
2008-03-26,53.2,54.8,52.81,54.27,2741100,16.69,MEXCHEM.MX
2008-03-27,54.7,54.7,53.5,53.88,1069500,16.57,MEXCHEM.MX
2008-03-28,53.88,54.39,52.8,53.01,1444800,16.3,MEXCHEM.MX
2008-03-31,53.02,54.89,53.01,54.8,4050300,16.85,MEXCHEM.MX
2008-04-01,54.99,56.49,53.1,53.49,6618900,16.45,MEXCHEM.MX
2008-04-02,54.8,55.5,53.2,53.71,1560600,16.52,MEXCHEM.MX
2008-04-03,53.71,55.25,53.71,55.01,1637100,16.92,MEXCHEM.MX
2008-04-04,55.0,55.8,55.0,55.74,2053500,17.14,MEXCHEM.MX
2008-04-07,55.75,57.2,55.75,57.11,2122800,17.56,MEXCHEM.MX
2008-04-08,57.1,59.5,57.1,58.16,4959000,17.88,MEXCHEM.MX
2008-04-09,59.1,59.5,58.2,58.92,2391000,18.12,MEXCHEM.MX
2008-04-10,58.91,59.35,58.85,59.35,1248000,18.25,MEXCHEM.MX
2008-04-11,59.35,63.4,59.3,62.03,6885000,19.07,MEXCHEM.MX
2008-04-14,63.0,66.25,63.0,65.12,2959500,20.02,MEXCHEM.MX
2008-04-15,65.4,68.0,65.4,66.91,4473900,20.57,MEXCHEM.MX
2008-04-16,67.2,67.6,67.08,67.34,2785800,20.71,MEXCHEM.MX
2008-04-17,66.9,67.4,65.78,66.94,1671300,20.58,MEXCHEM.MX
2008-04-18,66.94,67.3,66.3,67.28,1860600,20.69,MEXCHEM.MX
2008-04-21,67.28,69.5,65.5,68.5,1206000,21.06,MEXCHEM.MX
2008-04-22,70.0,70.85,69.9,70.2,4964100,21.71,MEXCHEM.MX
2008-04-23,70.99,74.5,70.99,73.79,7057200,22.82,MEXCHEM.MX
2008-04-24,74.51,78.0,74.3,75.33,8176800,23.3,MEXCHEM.MX
2008-04-25,75.33,76.0,73.8,75.68,2451900,23.4,MEXCHEM.MX
2008-04-28,75.68,76.5,75.2,75.75,2889300,23.43,MEXCHEM.MX
2008-04-29,75.75,75.8,74.0,75.73,3165300,23.42,MEXCHEM.MX
2008-04-30,75.52,78.43,74.89,75.09,5428500,23.22,MEXCHEM.MX
2008-05-01,75.09,75.09,75.09,75.09,0,23.22,MEXCHEM.MX
2008-05-02,75.5,77.2,75.5,76.83,1717200,23.76,MEXCHEM.MX
2008-05-05,76.9,77.1,76.45,76.62,1252500,23.7,MEXCHEM.MX
2008-05-06,76.63,77.8,76.63,77.53,2475000,23.98,MEXCHEM.MX
2008-05-07,77.5,77.85,74.9,75.22,2622900,23.26,MEXCHEM.MX
2008-05-08,75.22,76.0,73.0,74.15,2275800,22.93,MEXCHEM.MX
2008-05-09,77.5,80.5,77.5,78.36,9580800,24.23,MEXCHEM.MX
2008-05-12,84.8,85.2,78.8,84.8,0,26.23,MEXCHEM.MX
2008-05-13,85.31,90.25,85.31,88.5,9524700,27.37,MEXCHEM.MX
2008-05-14,88.72,90.0,88.72,89.4,4508400,27.65,MEXCHEM.MX
2008-05-15,89.5,89.78,88.25,89.18,4518300,27.58,MEXCHEM.MX
2008-05-16,88.75,89.17,85.34,85.6,4292400,26.47,MEXCHEM.MX
2008-05-19,89.51,89.51,85.05,86.89,4285500,26.87,MEXCHEM.MX
2008-05-20,86.9,86.9,84.6,84.72,4247400,26.2,MEXCHEM.MX
2008-05-21,84.72,84.72,83.5,83.99,3075600,25.97,MEXCHEM.MX
2008-05-22,83.98,84.99,83.7,83.93,2674200,25.96,MEXCHEM.MX
2008-05-23,84.0,84.4,83.49,84.03,2194500,25.99,MEXCHEM.MX
2008-05-26,83.85,88.2,83.85,87.53,2528100,27.07,MEXCHEM.MX
2008-05-27,87.53,88.0,86.5,87.36,3374400,27.02,MEXCHEM.MX
2008-05-28,87.0,88.7,87.0,88.55,1404900,27.38,MEXCHEM.MX
2008-05-29,88.55,89.91,88.55,89.42,2712000,27.65,MEXCHEM.MX
2008-05-30,89.0,89.44,88.55,89.08,3411600,27.55,MEXCHEM.MX
2008-06-02,89.0,89.0,88.0,88.5,621600,27.37,MEXCHEM.MX
2008-06-03,88.5,88.8,88.25,88.62,1275600,27.41,MEXCHEM.MX
2008-06-04,88.62,88.9,88.25,88.74,1130700,27.44,MEXCHEM.MX
2008-06-05,89.0,89.01,86.6,86.77,1468500,26.83,MEXCHEM.MX
2008-06-06,86.0,86.79,85.1,86.18,2950200,26.65,MEXCHEM.MX
2008-06-09,86.18,86.51,85.81,86.08,1402500,26.62,MEXCHEM.MX
2008-06-10,86.0,87.48,85.8,86.91,1404600,26.88,MEXCHEM.MX
2008-06-11,86.98,86.98,84.11,84.2,1462800,26.04,MEXCHEM.MX
2008-06-12,84.4,86.2,81.0,81.43,1945500,25.18,MEXCHEM.MX
2008-06-13,81.4,81.43,78.8,79.1,2893800,24.46,MEXCHEM.MX
2008-06-16,80.0,80.0,78.25,78.4,1639500,24.25,MEXCHEM.MX
2008-06-17,78.4,79.43,78.4,78.43,2651700,24.26,MEXCHEM.MX
2008-06-18,78.43,78.44,76.36,76.87,3362700,23.77,MEXCHEM.MX
2008-06-19,88.96,89.85,77.0,88.96,0,27.51,MEXCHEM.MX
2008-06-20,88.8,89.65,83.25,86.86,6066000,26.86,MEXCHEM.MX
2008-06-23,86.86,87.3,85.49,85.84,1549500,26.55,MEXCHEM.MX
2008-06-24,85.69,86.99,85.15,86.49,1096200,26.75,MEXCHEM.MX
2008-06-25,86.25,87.49,86.25,86.5,1113300,26.75,MEXCHEM.MX
2008-06-26,86.5,86.5,84.5,84.99,1178400,26.28,MEXCHEM.MX
2008-06-27,85.2,85.41,82.46,84.99,983700,26.28,MEXCHEM.MX
2008-06-30,84.99,85.0,83.32,83.5,1209000,25.82,MEXCHEM.MX
2008-07-01,83.05,83.05,81.5,82.73,1230000,25.59,MEXCHEM.MX
2008-07-02,82.5,83.0,81.5,82.05,1716900,25.37,MEXCHEM.MX
2008-07-03,80.2,82.49,80.2,81.63,2502300,25.24,MEXCHEM.MX
2008-07-04,81.0,84.8,81.0,83.96,311400,25.97,MEXCHEM.MX
2008-07-07,84.95,86.0,82.51,83.07,740400,25.69,MEXCHEM.MX
2008-07-08,83.0,83.0,81.7,82.09,1463100,25.39,MEXCHEM.MX
2008-07-09,82.5,82.5,80.6,80.97,966600,25.04,MEXCHEM.MX
2008-07-10,80.97,80.97,78.98,79.77,1081800,24.67,MEXCHEM.MX
2008-07-11,79.4,79.4,77.99,78.42,921300,24.25,MEXCHEM.MX
2008-07-14,78.42,78.42,75.51,77.77,976200,24.05,MEXCHEM.MX
2008-07-15,77.77,77.77,75.87,76.1,1851600,23.53,MEXCHEM.MX
2008-07-16,76.4,78.5,75.15,77.39,2532600,23.93,MEXCHEM.MX
2008-07-17,77.81,79.0,77.38,77.77,3832500,24.05,MEXCHEM.MX
2008-07-18,79.0,80.0,78.2,78.99,1217100,24.43,MEXCHEM.MX
2008-07-21,79.0,79.5,78.0,78.44,1256100,24.26,MEXCHEM.MX
2008-07-22,78.51,79.59,78.2,78.33,937800,24.35,MEXCHEM.MX
2008-07-23,78.99,79.0,77.0,78.08,794400,24.27,MEXCHEM.MX
2008-07-24,78.08,78.6,76.36,76.71,715200,23.84,MEXCHEM.MX
2008-07-25,77.0,77.1,72.99,73.24,849300,22.76,MEXCHEM.MX
2008-07-28,73.3,73.3,69.0,70.3,1852500,21.85,MEXCHEM.MX
2008-07-29,70.3,70.3,69.5,70.0,1875000,21.76,MEXCHEM.MX
2008-07-30,69.5,72.0,68.76,69.12,2311200,21.48,MEXCHEM.MX
2008-07-31,70.48,70.48,68.99,69.83,2896500,21.7,MEXCHEM.MX
2008-08-01,69.56,70.25,69.01,69.24,751200,21.52,MEXCHEM.MX
2008-08-04,69.5,69.89,67.8,69.37,662400,21.56,MEXCHEM.MX
2008-08-05,69.45,69.51,68.23,68.25,1347000,21.21,MEXCHEM.MX
2008-08-06,68.42,69.0,67.66,67.69,2176800,21.04,MEXCHEM.MX
2008-08-07,67.68,67.7,65.68,66.94,471900,20.81,MEXCHEM.MX
2008-08-08,67.16,68.0,65.0,66.43,278100,20.65,MEXCHEM.MX
2008-08-11,66.0,67.8,65.77,67.03,471300,20.83,MEXCHEM.MX
2008-08-12,67.1,67.1,65.89,66.13,1028400,20.55,MEXCHEM.MX
2008-08-13,66.02,67.2,66.0,67.0,1088700,20.82,MEXCHEM.MX
2008-08-14,66.57,67.0,66.5,66.64,1492200,20.71,MEXCHEM.MX
2008-08-15,66.6,67.0,65.75,66.44,1313100,20.65,MEXCHEM.MX
2008-08-18,67.14,67.14,65.0,65.0,247500,20.2,MEXCHEM.MX
2008-08-19,65.0,65.0,63.0,63.66,949800,19.79,MEXCHEM.MX
2008-08-20,63.21,65.6,63.2,63.5,1296300,19.74,MEXCHEM.MX
2008-08-21,63.5,63.6,63.0,63.59,676200,19.76,MEXCHEM.MX
2008-08-22,63.79,67.15,63.7,65.0,1003200,20.2,MEXCHEM.MX
2008-08-25,65.01,65.7,64.5,65.1,777000,20.23,MEXCHEM.MX
2008-08-26,21.7,22.0,21.0,21.43,1285800,19.98,MEXCHEM.MX
2008-08-27,21.95,22.2,21.7,22.02,1166700,20.53,MEXCHEM.MX
2008-08-28,22.14,22.95,22.08,22.82,1061900,21.28,MEXCHEM.MX
2008-08-29,23.0,24.13,23.0,23.69,1349900,22.09,MEXCHEM.MX
2008-09-01,24.0,24.99,23.85,24.9,1682300,23.22,MEXCHEM.MX
2008-09-02,25.16,25.71,24.95,25.08,2804500,23.38,MEXCHEM.MX
2008-09-03,25.09,25.9,24.73,25.72,2715100,23.98,MEXCHEM.MX
2008-09-04,25.73,25.74,24.65,24.84,1395400,23.16,MEXCHEM.MX
2008-09-05,24.9,24.9,23.5,23.81,1568700,22.2,MEXCHEM.MX
2008-09-08,24.98,24.98,23.8,24.06,658200,22.43,MEXCHEM.MX
2008-09-09,24.1,24.56,23.6,23.68,1577900,22.08,MEXCHEM.MX
2008-09-10,24.15,24.16,23.1,24.1,1987700,22.47,MEXCHEM.MX
2008-09-11,23.71,24.7,23.54,24.32,1775300,22.68,MEXCHEM.MX
2008-09-12,24.65,25.7,24.65,25.59,1890300,23.86,MEXCHEM.MX
2008-09-15,25.15,25.15,24.2,24.31,1847000,22.67,MEXCHEM.MX
2008-09-16,24.31,24.31,24.31,24.31,0,22.67,MEXCHEM.MX
2008-09-17,22.03,24.31,21.11,22.03,0,20.54,MEXCHEM.MX
2008-09-18,22.04,22.88,21.35,22.7,1507500,21.17,MEXCHEM.MX
2008-09-19,23.05,25.5,22.8,23.2,3049600,21.63,MEXCHEM.MX
2008-09-22,23.28,23.5,22.1,22.31,591900,20.8,MEXCHEM.MX
2008-09-23,22.0,22.66,21.9,21.98,1117100,20.49,MEXCHEM.MX
2008-09-24,21.98,22.15,21.3,21.91,1063100,20.43,MEXCHEM.MX
2008-09-25,22.2,22.3,21.5,21.84,2013800,20.36,MEXCHEM.MX
2008-09-26,21.6,22.0,21.4,21.83,910100,20.35,MEXCHEM.MX
2008-09-29,19.14,21.56,18.7,19.14,0,17.85,MEXCHEM.MX
2008-09-30,19.14,20.4,19.14,20.02,2454200,18.67,MEXCHEM.MX
2008-10-01,21.34,21.5,19.35,21.34,0,19.9,MEXCHEM.MX
2008-10-02,21.35,21.35,19.8,20.43,1406600,19.05,MEXCHEM.MX
2008-10-03,18.8,20.8,18.5,18.8,0,17.53,MEXCHEM.MX
2008-10-06,15.41,17.5,13.0,15.41,0,14.37,MEXCHEM.MX
2008-10-07,14.75,16.7,14.7,14.75,0,13.75,MEXCHEM.MX
2008-10-08,12.79,15.0,12.49,12.79,0,11.93,MEXCHEM.MX
2008-10-09,12.52,13.9,12.5,12.52,0,11.67,MEXCHEM.MX
2008-10-10,10.59,12.12,10.5,10.59,0,9.87,MEXCHEM.MX
2008-10-13,12.99,13.15,11.1,12.99,0,12.11,MEXCHEM.MX
2008-10-14,13.99,14.9,13.0,13.99,0,13.04,MEXCHEM.MX
2008-10-15,13.85,13.85,13.1,13.24,2548700,12.35,MEXCHEM.MX
2008-10-16,13.05,13.54,12.6,13.31,1682700,12.41,MEXCHEM.MX
2008-10-17,13.7,13.7,12.89,13.06,1983400,12.18,MEXCHEM.MX
2008-10-20,13.2,13.22,12.5,12.55,1336900,11.7,MEXCHEM.MX
2008-10-21,11.84,12.55,11.5,11.84,0,11.08,MEXCHEM.MX
2008-10-22,10.79,11.78,10.5,10.79,0,10.1,MEXCHEM.MX
2008-10-23,10.3,10.86,9.2,9.87,5586400,9.23,MEXCHEM.MX
2008-10-24,10.16,10.6,8.42,10.16,0,9.51,MEXCHEM.MX
2008-10-27,10.0,11.5,9.9,10.23,2100200,9.57,MEXCHEM.MX
2008-10-28,10.74,11.0,10.3,10.84,2591600,10.14,MEXCHEM.MX
2008-10-29,10.84,11.3,10.49,10.52,2241300,9.84,MEXCHEM.MX
2008-10-30,11.2,11.7,10.51,11.2,0,10.48,MEXCHEM.MX
2008-10-31,12.73,13.0,11.01,12.73,0,11.91,MEXCHEM.MX
2008-11-03,12.74,13.0,12.25,12.72,3821000,11.9,MEXCHEM.MX
2008-11-04,12.9,13.75,12.8,13.25,4859000,12.4,MEXCHEM.MX
2008-11-05,12.64,13.45,12.25,12.64,0,11.83,MEXCHEM.MX
2008-11-06,11.75,12.5,11.45,11.75,0,10.99,MEXCHEM.MX
2008-11-07,11.75,12.3,11.5,11.9,1347100,11.13,MEXCHEM.MX
2008-11-10,10.99,12.5,10.7,10.99,0,10.28,MEXCHEM.MX
2008-11-11,10.56,11.19,10.01,10.87,4433400,10.17,MEXCHEM.MX
2008-11-12,10.81,10.9,10.3,10.45,2076900,9.78,MEXCHEM.MX
2008-11-13,11.06,11.2,9.9,11.06,0,10.35,MEXCHEM.MX
2008-11-14,11.06,11.7,10.65,11.06,3019200,10.35,MEXCHEM.MX
2008-11-17,11.06,11.06,11.06,11.06,0,10.35,MEXCHEM.MX
2008-11-18,11.06,11.48,10.69,11.0,3075800,10.29,MEXCHEM.MX
2008-11-19,10.9,11.3,10.9,11.06,1667800,10.35,MEXCHEM.MX
2008-11-20,10.8,11.5,10.5,11.07,1127100,10.36,MEXCHEM.MX
2008-11-21,11.23,11.75,11.1,11.65,2430500,10.9,MEXCHEM.MX
2008-11-24,13.03,13.13,11.75,13.03,0,12.19,MEXCHEM.MX
2008-11-25,13.11,14.45,13.11,13.74,14887400,12.86,MEXCHEM.MX
2008-11-26,13.6,13.9,12.91,13.51,2111200,12.64,MEXCHEM.MX
2008-11-27,13.5,13.5,13.05,13.29,750300,12.43,MEXCHEM.MX
2008-11-28,13.56,13.71,13.15,13.35,1347000,12.49,MEXCHEM.MX
2008-12-01,13.3,13.3,12.61,12.78,1916500,11.96,MEXCHEM.MX
2008-12-02,12.8,13.8,12.1,12.21,2318700,11.42,MEXCHEM.MX
2008-12-03,12.18,12.18,11.44,11.7,3866400,10.95,MEXCHEM.MX
2008-12-04,11.7,12.29,11.5,11.62,3354200,10.87,MEXCHEM.MX
2008-12-05,12.3,12.36,11.5,12.3,0,11.51,MEXCHEM.MX
2008-12-08,12.5,13.1,12.5,12.83,2955400,12.0,MEXCHEM.MX
2008-12-09,12.79,13.29,12.33,12.66,2103300,11.84,MEXCHEM.MX
2008-12-10,12.9,13.25,12.61,12.99,2003900,12.15,MEXCHEM.MX
2008-12-11,13.01,13.01,12.3,12.4,2325900,11.6,MEXCHEM.MX
2008-12-12,12.4,12.4,12.4,12.4,0,11.6,MEXCHEM.MX
2008-12-15,12.4,13.0,12.35,12.86,1667100,12.03,MEXCHEM.MX
2008-12-16,13.0,13.18,12.65,12.86,1859200,12.03,MEXCHEM.MX
2008-12-17,12.75,13.2,12.65,13.13,2725800,12.28,MEXCHEM.MX
2008-12-18,13.25,13.5,12.9,13.02,2573400,12.18,MEXCHEM.MX
2008-12-19,13.0,13.18,12.5,12.89,2423400,12.06,MEXCHEM.MX
2008-12-22,12.9,13.15,12.66,12.85,753800,12.02,MEXCHEM.MX
2008-12-23,12.99,13.3,12.8,12.92,1516000,12.09,MEXCHEM.MX
2008-12-24,12.92,13.2,12.92,13.15,243700,12.3,MEXCHEM.MX
2008-12-25,13.15,13.15,13.15,13.15,0,12.3,MEXCHEM.MX
2008-12-26,13.0,13.2,12.95,13.15,561300,12.3,MEXCHEM.MX
2008-12-29,13.3,13.3,12.99,13.01,424700,12.17,MEXCHEM.MX
2008-12-30,13.01,13.01,12.5,12.73,995600,11.91,MEXCHEM.MX
2008-12-31,12.74,12.94,12.46,12.52,782900,11.71,MEXCHEM.MX
2009-01-01,12.52,12.52,12.52,12.52,0,11.71,MEXCHEM.MX
2009-01-02,12.46,13.0,12.46,12.94,1901700,12.11,MEXCHEM.MX
2009-01-05,12.94,13.3,12.85,13.15,2881800,12.3,MEXCHEM.MX
2009-01-06,13.15,13.49,12.95,12.99,3190500,12.15,MEXCHEM.MX
2009-01-07,12.95,12.99,12.51,12.53,1065000,11.72,MEXCHEM.MX
2009-01-08,12.5,12.5,12.01,12.29,1360900,11.5,MEXCHEM.MX
2009-01-09,12.49,12.56,12.1,12.22,1278400,11.43,MEXCHEM.MX
2009-01-12,12.22,12.22,11.65,11.79,1938500,11.03,MEXCHEM.MX
2009-01-13,11.7,11.8,11.6,11.74,1006000,10.98,MEXCHEM.MX
2009-01-14,11.5,11.5,11.03,11.22,2324200,10.5,MEXCHEM.MX
2009-01-15,11.15,11.99,10.5,11.28,5271800,10.55,MEXCHEM.MX
2009-01-16,11.36,11.8,10.9,11.32,2847400,10.59,MEXCHEM.MX
2009-01-19,11.42,11.42,11.25,11.37,286000,10.64,MEXCHEM.MX
2009-01-20,11.2,11.2,10.26,10.34,1698600,9.67,MEXCHEM.MX
2009-01-21,10.4,11.2,10.2,10.68,2925400,9.99,MEXCHEM.MX
2009-01-22,10.41,11.25,10.41,10.88,3097000,10.18,MEXCHEM.MX
2009-01-23,10.8,10.9,10.41,10.71,1875800,10.02,MEXCHEM.MX
2009-01-26,10.71,10.71,10.11,10.45,1882000,9.78,MEXCHEM.MX
2009-01-27,10.5,10.65,10.25,10.31,2097200,9.69,MEXCHEM.MX
2009-01-28,10.62,11.0,10.6,10.96,2919500,10.3,MEXCHEM.MX
2009-01-29,10.97,11.15,10.5,10.55,2576100,9.91,MEXCHEM.MX
2009-01-30,10.5,10.7,10.3,10.54,1602400,9.9,MEXCHEM.MX
2009-02-02,10.54,10.54,10.54,10.54,0,9.9,MEXCHEM.MX
2009-02-03,10.66,10.75,10.3,10.63,1932700,9.99,MEXCHEM.MX
2009-02-04,10.7,11.2,10.7,11.07,3054200,10.4,MEXCHEM.MX
2009-02-05,11.22,11.22,10.4,10.75,1202600,10.1,MEXCHEM.MX
2009-02-06,10.85,11.15,10.75,11.02,3879300,10.36,MEXCHEM.MX
2009-02-09,11.0,11.85,11.0,11.71,2754000,11.0,MEXCHEM.MX
2009-02-10,11.71,11.71,11.1,11.19,2429000,10.51,MEXCHEM.MX
2009-02-11,11.16,11.39,11.0,11.07,1002700,10.4,MEXCHEM.MX
2009-02-12,11.0,11.2,10.7,11.02,1263800,10.36,MEXCHEM.MX
2009-02-13,11.0,11.17,10.9,10.94,1159800,10.28,MEXCHEM.MX
2009-02-16,10.9,11.1,10.9,11.05,248500,10.38,MEXCHEM.MX
2009-02-17,10.94,10.94,10.5,10.82,2165000,10.17,MEXCHEM.MX
2009-02-18,10.85,10.85,10.58,10.61,2277000,9.97,MEXCHEM.MX
2009-02-19,10.62,10.75,10.46,10.68,1476400,10.04,MEXCHEM.MX
2009-02-20,10.28,10.93,10.03,10.28,0,9.66,MEXCHEM.MX
2009-02-23,10.5,10.5,10.0,10.13,1599100,9.52,MEXCHEM.MX
2009-02-24,10.19,10.3,9.9,10.24,2441100,9.62,MEXCHEM.MX
2009-02-25,10.05,10.5,9.92,10.41,2065500,9.78,MEXCHEM.MX
2009-02-26,10.55,11.0,10.4,10.81,5094100,10.16,MEXCHEM.MX
2009-02-27,10.7,10.79,10.17,10.37,6568500,9.74,MEXCHEM.MX
2009-03-02,10.2,10.2,9.3,9.48,2743100,8.91,MEXCHEM.MX
2009-03-03,9.0,10.3,8.71,9.0,0,8.46,MEXCHEM.MX
2009-03-04,9.01,9.24,8.67,9.14,7112900,8.59,MEXCHEM.MX
2009-03-05,9.1,9.1,8.5,8.98,4267900,8.44,MEXCHEM.MX
2009-03-06,8.98,8.98,8.69,8.73,8184400,8.2,MEXCHEM.MX
2009-03-09,8.72,8.73,8.39,8.41,2106700,7.9,MEXCHEM.MX
2009-03-10,8.6,8.6,8.09,8.49,8907300,7.98,MEXCHEM.MX
2009-03-11,8.55,8.8,8.35,8.45,2822600,7.94,MEXCHEM.MX
2009-03-12,8.45,9.0,8.31,8.85,9718500,8.32,MEXCHEM.MX
2009-03-13,9.01,9.6,9.0,9.29,5156600,8.73,MEXCHEM.MX
2009-03-16,9.29,9.29,9.29,9.29,0,8.73,MEXCHEM.MX
2009-03-17,9.3,9.3,9.05,9.14,2746000,8.59,MEXCHEM.MX
2009-03-18,9.14,9.37,8.85,9.28,3536700,8.72,MEXCHEM.MX
2009-03-19,9.29,9.78,9.15,9.61,4983300,9.03,MEXCHEM.MX
2009-03-20,9.65,9.84,9.4,9.61,2860800,9.03,MEXCHEM.MX
2009-03-23,9.62,10.2,9.62,10.14,3249300,9.53,MEXCHEM.MX
2009-03-24,10.14,10.32,9.65,10.07,7048800,9.46,MEXCHEM.MX
2009-03-25,9.92,10.3,9.92,10.04,6048100,9.43,MEXCHEM.MX
2009-03-26,10.05,10.48,10.0,10.07,4831600,9.46,MEXCHEM.MX
2009-03-27,10.0,10.2,9.82,10.05,1891700,9.44,MEXCHEM.MX
2009-03-30,10.0,10.0,9.5,9.62,3425700,9.04,MEXCHEM.MX
2009-03-31,9.7,10.12,9.7,9.88,4988600,9.28,MEXCHEM.MX
2009-04-01,9.81,10.2,9.5,10.17,3336200,9.56,MEXCHEM.MX
2009-04-02,10.2,10.85,10.2,10.75,7732800,10.1,MEXCHEM.MX
2009-04-03,10.74,10.99,10.63,10.8,2923200,10.15,MEXCHEM.MX
2009-04-06,10.62,11.15,10.5,11.04,1510100,10.37,MEXCHEM.MX
2009-04-07,10.96,11.04,10.7,10.85,1984600,10.2,MEXCHEM.MX
2009-04-08,10.9,11.0,10.56,10.72,1244200,10.07,MEXCHEM.MX
2009-04-09,10.72,10.72,10.72,10.72,0,10.07,MEXCHEM.MX
2009-04-10,10.72,10.72,10.72,10.72,0,10.07,MEXCHEM.MX
2009-04-13,10.66,11.5,10.66,11.39,5935500,10.7,MEXCHEM.MX
2009-04-14,11.21,12.0,11.2,11.97,6669200,11.25,MEXCHEM.MX
2009-04-15,11.99,11.99,11.52,11.84,2603300,11.13,MEXCHEM.MX
2009-04-16,11.83,12.2,11.68,12.05,2716200,11.32,MEXCHEM.MX
2009-04-17,12.18,12.4,11.9,12.25,4083500,11.51,MEXCHEM.MX
2009-04-20,12.15,12.15,11.46,11.74,3321200,11.03,MEXCHEM.MX
2009-04-21,11.67,12.1,11.49,12.05,4191000,11.37,MEXCHEM.MX
2009-04-22,12.0,12.4,11.92,12.4,3304100,11.7,MEXCHEM.MX
2009-04-23,12.3,12.64,12.1,12.62,1764400,11.9,MEXCHEM.MX
2009-04-24,12.6,13.1,12.6,12.9,3094000,12.17,MEXCHEM.MX
2009-04-27,12.49,12.72,11.99,12.7,3355500,11.98,MEXCHEM.MX
2009-04-28,12.2,12.99,12.19,12.9,2360000,12.17,MEXCHEM.MX
2009-04-29,12.99,12.99,12.66,12.9,3977900,12.17,MEXCHEM.MX
2009-04-30,12.9,13.0,11.8,12.4,10955500,11.7,MEXCHEM.MX
2009-05-01,12.4,12.4,12.4,12.4,0,11.7,MEXCHEM.MX
2009-05-04,12.5,12.75,12.38,12.4,7705400,11.7,MEXCHEM.MX
2009-05-05,12.53,13.2,12.26,13.0,3328200,12.26,MEXCHEM.MX
2009-05-06,13.19,13.55,12.91,13.45,6597700,12.69,MEXCHEM.MX
2009-05-07,13.5,13.75,12.8,13.0,3029900,12.26,MEXCHEM.MX
2009-05-08,13.13,13.79,12.93,13.74,5801700,12.96,MEXCHEM.MX
2009-05-11,13.7,13.7,13.15,13.56,4082000,12.79,MEXCHEM.MX
2009-05-12,13.5,13.71,13.3,13.51,4146400,12.74,MEXCHEM.MX
2009-05-13,13.18,13.2,12.71,12.9,4034700,12.17,MEXCHEM.MX
2009-05-14,12.88,13.09,12.81,12.9,3432300,12.17,MEXCHEM.MX
2009-05-15,13.0,13.5,13.0,13.15,2333800,12.4,MEXCHEM.MX
2009-05-18,14.13,14.21,13.16,14.2,0,13.39,MEXCHEM.MX
2009-05-19,14.2,14.7,13.8,14.25,6039400,13.44,MEXCHEM.MX
2009-05-20,14.31,14.7,14.0,14.29,3703500,13.48,MEXCHEM.MX
2009-05-21,14.29,14.29,13.7,14.06,2651700,13.26,MEXCHEM.MX
2009-05-22,13.85,14.58,13.85,13.91,893900,13.12,MEXCHEM.MX
2009-05-25,14.11,14.36,14.0,14.15,353900,13.35,MEXCHEM.MX
2009-05-26,14.23,14.81,14.05,14.74,4200300,13.9,MEXCHEM.MX
2009-05-27,14.61,16.0,14.59,14.98,4839800,14.13,MEXCHEM.MX
2009-05-28,15.0,15.35,14.81,15.35,2036300,14.48,MEXCHEM.MX
2009-05-29,15.35,15.5,14.5,14.9,1687800,14.05,MEXCHEM.MX
2009-06-01,15.1,16.0,15.1,15.91,3045800,15.01,MEXCHEM.MX
2009-06-02,15.93,16.6,15.9,16.22,3854300,15.3,MEXCHEM.MX
2009-06-03,16.0,16.0,15.45,15.55,2924200,14.67,MEXCHEM.MX
2009-06-04,15.88,16.75,15.65,16.36,4534200,15.43,MEXCHEM.MX
2009-06-05,16.6,16.99,16.3,16.68,3101600,15.73,MEXCHEM.MX
2009-06-08,16.7,17.2,16.3,17.05,2414700,16.08,MEXCHEM.MX
2009-06-09,17.2,17.38,16.89,17.1,3178900,16.13,MEXCHEM.MX
2009-06-10,17.33,17.47,16.43,16.6,2964100,15.66,MEXCHEM.MX
2009-06-11,16.89,17.19,16.7,17.15,2012200,16.18,MEXCHEM.MX
2009-06-12,17.01,17.47,16.99,17.3,3301400,16.32,MEXCHEM.MX
2009-06-15,17.4,17.4,16.4,16.74,2964300,15.79,MEXCHEM.MX
2009-06-16,16.84,17.0,16.02,16.25,2676100,15.33,MEXCHEM.MX
2009-06-17,16.15,17.0,15.79,16.8,3741000,15.85,MEXCHEM.MX
2009-06-18,16.9,17.0,15.8,16.63,1665100,15.69,MEXCHEM.MX
2009-06-19,16.91,17.08,16.5,16.6,1716300,15.66,MEXCHEM.MX
2009-06-22,16.54,16.54,15.65,16.03,2333900,15.12,MEXCHEM.MX
2009-06-23,16.01,16.1,15.25,16.0,2277300,15.09,MEXCHEM.MX
2009-06-24,16.0,16.61,15.71,16.0,2104300,15.09,MEXCHEM.MX
2009-06-25,15.88,16.3,15.88,16.15,1639800,15.23,MEXCHEM.MX
2009-06-26,16.17,16.56,16.17,16.41,1468800,15.48,MEXCHEM.MX
2009-06-29,16.75,16.75,16.39,16.7,1141700,15.75,MEXCHEM.MX
2009-06-30,16.69,16.91,16.5,16.83,2218400,15.88,MEXCHEM.MX
2009-07-01,16.89,16.89,16.31,16.5,2064900,15.56,MEXCHEM.MX
2009-07-02,16.12,16.35,16.0,16.15,933000,15.23,MEXCHEM.MX
2009-07-03,16.01,16.2,16.01,16.1,289000,15.19,MEXCHEM.MX
2009-07-06,16.1,16.1,15.6,16.0,1135100,15.09,MEXCHEM.MX
2009-07-07,15.85,15.95,15.2,15.5,1557600,14.62,MEXCHEM.MX
2009-07-08,15.45,15.5,15.0,15.4,1845300,14.53,MEXCHEM.MX
2009-07-09,15.6,16.1,15.48,16.0,1510100,15.09,MEXCHEM.MX
2009-07-10,15.95,16.2,15.27,16.2,1837700,15.28,MEXCHEM.MX
2009-07-13,16.47,16.47,16.01,16.31,895100,15.38,MEXCHEM.MX
2009-07-14,16.31,16.63,16.31,16.55,1325400,15.61,MEXCHEM.MX
2009-07-15,16.6,17.0,16.6,16.98,2738700,16.02,MEXCHEM.MX
2009-07-16,16.9,17.2,16.75,17.0,1494100,16.04,MEXCHEM.MX
2009-07-17,16.13,17.06,15.71,16.15,0,15.23,MEXCHEM.MX
2009-07-20,16.15,16.58,16.15,16.55,2769400,15.61,MEXCHEM.MX
2009-07-21,16.58,16.9,16.4,16.55,1749400,15.61,MEXCHEM.MX
2009-07-22,16.8,16.99,16.44,16.92,1781500,15.96,MEXCHEM.MX
2009-07-23,16.9,17.4,16.8,17.37,2831000,16.38,MEXCHEM.MX
2009-07-24,17.4,17.4,16.85,17.24,1127200,16.26,MEXCHEM.MX
2009-07-27,17.35,17.45,17.0,17.2,1192600,16.22,MEXCHEM.MX
2009-07-28,17.2,17.32,16.73,16.94,1421900,16.02,MEXCHEM.MX
2009-07-29,16.87,17.1,16.83,16.9,2216700,15.98,MEXCHEM.MX
2009-07-30,17.0,17.37,17.0,17.3,2264200,16.36,MEXCHEM.MX
2009-07-31,17.21,17.6,17.17,17.57,3434000,16.62,MEXCHEM.MX
2009-08-03,17.7,18.6,17.7,18.02,5532600,17.04,MEXCHEM.MX
2009-08-04,18.0,19.0,17.9,18.4,6385000,17.4,MEXCHEM.MX
2009-08-05,18.37,18.69,18.12,18.6,5511200,17.59,MEXCHEM.MX
2009-08-06,18.56,18.68,18.0,18.15,4118900,17.17,MEXCHEM.MX
2009-08-07,18.22,18.54,18.1,18.1,1620200,17.12,MEXCHEM.MX
2009-08-10,18.11,18.46,18.02,18.4,1802800,17.4,MEXCHEM.MX
2009-08-11,18.2,18.2,17.5,17.55,1793500,16.6,MEXCHEM.MX
2009-08-12,17.51,18.0,17.51,17.62,1937600,16.66,MEXCHEM.MX
2009-08-13,17.73,18.0,17.6,17.72,2652300,16.76,MEXCHEM.MX
2009-08-14,17.7,17.8,17.14,17.22,1762900,16.29,MEXCHEM.MX
2009-08-17,17.0,17.0,16.4,16.75,2010000,15.84,MEXCHEM.MX
2009-08-18,16.69,17.1,16.69,16.95,1633200,16.03,MEXCHEM.MX
2009-08-19,16.93,17.2,16.65,16.9,2733300,15.98,MEXCHEM.MX
2009-08-20,16.98,17.4,16.76,17.18,3921400,16.25,MEXCHEM.MX
2009-08-21,17.22,17.69,17.22,17.37,4211100,16.43,MEXCHEM.MX
2009-08-24,17.42,17.5,16.86,17.05,11133600,16.13,MEXCHEM.MX
2009-08-25,17.01,17.1,16.66,16.93,10010500,16.01,MEXCHEM.MX
2009-08-26,16.97,17.2,16.89,17.2,7505800,16.27,MEXCHEM.MX
2009-08-27,17.2,18.15,17.1,18.0,8499200,17.02,MEXCHEM.MX
2009-08-28,18.1,18.4,17.75,18.1,3573000,17.12,MEXCHEM.MX
2009-08-31,17.99,17.99,17.29,17.38,3496200,16.44,MEXCHEM.MX
2009-09-01,17.38,17.7,16.69,17.11,5481200,16.18,MEXCHEM.MX
2009-09-02,17.18,17.18,16.65,16.9,5157300,15.98,MEXCHEM.MX
2009-09-03,17.0,17.5,16.9,17.39,4719200,16.45,MEXCHEM.MX
2009-09-04,17.31,18.0,17.31,17.9,5533000,16.93,MEXCHEM.MX
2009-09-07,17.9,18.2,17.8,18.1,1329500,17.12,MEXCHEM.MX
2009-09-08,18.1,18.8,18.1,18.69,9108300,17.68,MEXCHEM.MX
2009-09-09,18.53,18.78,18.35,18.35,4374500,17.35,MEXCHEM.MX
2009-09-10,18.55,18.74,18.44,18.6,5384600,17.59,MEXCHEM.MX
2009-09-11,18.59,18.85,18.45,18.77,3568100,17.75,MEXCHEM.MX
2009-09-14,18.65,19.1,18.24,19.05,3137400,18.02,MEXCHEM.MX
2009-09-15,18.91,19.67,18.8,19.57,7192800,18.51,MEXCHEM.MX
2009-09-16,19.57,19.57,19.57,19.57,0,18.51,MEXCHEM.MX
2009-09-17,19.67,20.61,19.67,20.34,7868700,19.24,MEXCHEM.MX
2009-09-18,20.38,21.01,20.0,21.0,8276200,19.86,MEXCHEM.MX
2009-09-21,20.75,21.02,20.1,20.28,2700900,19.18,MEXCHEM.MX
2009-09-22,20.24,20.84,20.0,20.6,3384600,19.48,MEXCHEM.MX
2009-09-23,20.51,20.77,19.5,19.95,4028100,18.87,MEXCHEM.MX
2009-09-24,20.06,20.2,19.78,20.15,4573600,19.06,MEXCHEM.MX
2009-09-25,20.07,20.64,19.75,20.4,2668000,19.29,MEXCHEM.MX
2009-09-28,20.0,20.8,20.0,20.46,2774500,19.35,MEXCHEM.MX
2009-09-29,20.54,20.79,20.2,20.5,2347400,19.39,MEXCHEM.MX
2009-09-30,20.68,20.68,20.1,20.35,2055500,19.25,MEXCHEM.MX
2009-10-01,20.2,20.3,19.6,19.8,2716000,18.73,MEXCHEM.MX
2009-10-02,19.68,19.78,19.11,19.78,2906000,18.71,MEXCHEM.MX
2009-10-05,19.7,20.29,19.7,20.23,1764300,19.13,MEXCHEM.MX
2009-10-06,20.3,20.8,20.25,20.67,2774500,19.55,MEXCHEM.MX
2009-10-07,20.59,21.19,20.3,21.19,3294300,20.04,MEXCHEM.MX
2009-10-08,20.75,21.9,20.75,21.3,6923100,20.14,MEXCHEM.MX
2009-10-09,20.9,21.65,20.9,21.54,1883200,20.37,MEXCHEM.MX
2009-10-12,21.62,22.19,21.61,21.95,3757800,20.76,MEXCHEM.MX
2009-10-13,21.87,22.35,21.5,22.35,4085600,21.14,MEXCHEM.MX
2009-10-14,22.2,22.6,21.95,22.37,3149200,21.16,MEXCHEM.MX
2009-10-15,22.35,22.51,22.0,22.28,1618100,21.07,MEXCHEM.MX
2009-10-16,22.0,22.69,21.85,22.56,2233000,21.34,MEXCHEM.MX
2009-10-19,22.6,22.72,22.02,22.5,1291300,21.28,MEXCHEM.MX
2009-10-20,22.34,22.35,21.99,22.15,1738400,20.95,MEXCHEM.MX
2009-10-21,22.15,22.49,22.06,22.16,1372500,20.96,MEXCHEM.MX
2009-10-22,22.26,22.35,21.8,21.91,2515200,20.72,MEXCHEM.MX
2009-10-23,22.49,22.49,21.7,21.7,2250500,20.52,MEXCHEM.MX
2009-10-26,22.01,22.36,21.3,21.4,2172300,20.24,MEXCHEM.MX
2009-10-27,21.67,21.67,20.21,20.38,5237200,19.27,MEXCHEM.MX
2009-10-28,20.38,20.38,19.1,20.25,4698000,19.15,MEXCHEM.MX
2009-10-29,20.52,21.75,20.5,21.2,4131300,20.05,MEXCHEM.MX
2009-10-30,21.42,21.7,20.9,21.45,7889800,20.29,MEXCHEM.MX
2009-11-02,21.45,21.45,21.45,21.45,0,20.29,MEXCHEM.MX
2009-11-03,21.2,21.68,21.2,21.52,1774500,20.35,MEXCHEM.MX
2009-11-04,21.53,22.29,21.53,21.71,2392000,20.53,MEXCHEM.MX
2009-11-05,21.93,22.38,21.85,22.38,2283400,21.17,MEXCHEM.MX
2009-11-06,22.0,22.6,21.27,22.47,2656500,21.25,MEXCHEM.MX
2009-11-09,23.92,24.05,22.45,24.0,0,22.7,MEXCHEM.MX
2009-11-10,23.89,24.99,23.8,24.36,4968600,23.04,MEXCHEM.MX
2009-11-11,24.7,24.98,24.0,24.22,5813600,22.91,MEXCHEM.MX
2009-11-12,24.18,24.41,23.78,23.98,3506600,22.68,MEXCHEM.MX
2009-11-13,24.0,24.2,23.95,24.17,1914600,22.86,MEXCHEM.MX
2009-11-16,24.17,24.17,24.17,24.17,0,22.86,MEXCHEM.MX
2009-11-17,24.5,24.7,23.65,23.89,3715200,22.59,MEXCHEM.MX
2009-11-18,23.8,24.1,23.41,23.86,1721900,22.57,MEXCHEM.MX
2009-11-19,23.5,23.8,23.35,23.6,1919300,22.32,MEXCHEM.MX
2009-11-20,23.6,24.15,23.3,23.77,3651300,22.48,MEXCHEM.MX
2009-11-23,24.02,24.9,24.01,24.81,9695200,23.46,MEXCHEM.MX
2009-11-24,24.85,24.95,24.6,24.8,3722300,23.45,MEXCHEM.MX
2009-11-25,24.81,25.05,24.78,24.79,3650900,23.45,MEXCHEM.MX
2009-11-26,24.8,24.8,23.8,23.91,2867600,22.61,MEXCHEM.MX
2009-11-27,23.9,24.8,23.6,24.56,1765400,23.23,MEXCHEM.MX
2009-11-30,25.0,25.0,24.4,24.5,2587200,23.17,MEXCHEM.MX
2009-12-01,24.6,26.0,24.6,25.0,5489800,23.64,MEXCHEM.MX
2009-12-02,24.97,25.75,24.97,25.45,3453100,24.07,MEXCHEM.MX
2009-12-03,25.6,25.65,25.0,25.44,2340200,24.06,MEXCHEM.MX
2009-12-04,25.5,25.75,25.06,25.44,1450600,24.06,MEXCHEM.MX
2009-12-07,25.37,25.37,24.63,24.7,1955300,23.36,MEXCHEM.MX
2009-12-08,24.69,24.8,24.25,24.4,1968400,23.08,MEXCHEM.MX
2009-12-09,24.51,24.85,24.3,24.44,1564900,23.11,MEXCHEM.MX
2009-12-10,24.83,25.09,24.42,24.56,1463700,23.23,MEXCHEM.MX
2009-12-11,24.99,25.12,24.53,24.65,1180800,23.31,MEXCHEM.MX
2009-12-14,24.64,25.35,24.31,25.35,1647300,23.97,MEXCHEM.MX
2009-12-15,25.23,25.84,24.9,25.8,4864300,24.4,MEXCHEM.MX
2009-12-16,25.72,26.15,24.91,25.67,4451000,24.28,MEXCHEM.MX
2009-12-17,25.66,25.66,25.05,25.55,1649400,24.16,MEXCHEM.MX
2009-12-18,25.5,25.7,25.3,25.3,4227300,23.93,MEXCHEM.MX
2009-12-21,25.54,25.94,25.43,25.49,1287300,24.11,MEXCHEM.MX
2009-12-22,25.51,25.95,25.51,25.93,1395500,24.52,MEXCHEM.MX
2009-12-23,25.96,26.08,25.8,26.05,1630100,24.64,MEXCHEM.MX
2009-12-24,26.1,26.25,25.6,26.25,350000,24.83,MEXCHEM.MX
2009-12-25,26.25,26.25,26.25,26.25,0,24.83,MEXCHEM.MX
2009-12-28,26.23,26.3,26.22,26.22,775300,24.8,MEXCHEM.MX
2009-12-29,26.3,26.3,25.8,25.8,929000,24.4,MEXCHEM.MX
2009-12-30,26.1,26.1,25.04,25.4,2084100,24.02,MEXCHEM.MX
2009-12-31,25.3,25.3,24.7,25.01,1094300,23.65,MEXCHEM.MX
2010-01-01,25.01,25.01,25.01,25.01,0,23.65,MEXCHEM.MX
2010-01-04,25.29,26.37,25.28,26.36,1431400,24.93,MEXCHEM.MX
2010-01-05,26.05,27.0,25.9,26.83,3540100,25.37,MEXCHEM.MX
2010-01-06,27.01,27.5,26.71,27.5,2835700,26.01,MEXCHEM.MX
2010-01-07,27.35,28.67,26.99,28.27,4310900,26.74,MEXCHEM.MX
2010-01-08,28.0,28.99,28.0,28.45,2717200,26.91,MEXCHEM.MX
2010-01-11,28.51,29.25,28.05,28.88,4247400,27.31,MEXCHEM.MX
2010-01-12,28.6,28.8,27.9,28.69,1442500,27.13,MEXCHEM.MX
2010-01-13,28.6,29.05,28.0,28.9,2258000,27.33,MEXCHEM.MX
2010-01-14,28.84,30.48,28.84,30.11,3487700,28.48,MEXCHEM.MX
2010-01-15,30.0,30.1,29.1,29.2,3921800,27.62,MEXCHEM.MX
2010-01-18,29.76,29.95,29.26,29.92,789900,28.3,MEXCHEM.MX
2010-01-19,29.9,30.4,29.55,29.69,2336600,28.08,MEXCHEM.MX
2010-01-20,29.5,29.68,29.0,29.59,2469200,27.98,MEXCHEM.MX
2010-01-21,29.29,29.85,28.5,28.8,4073000,27.24,MEXCHEM.MX
2010-01-22,28.79,29.0,28.09,28.3,4562800,26.76,MEXCHEM.MX
2010-01-25,28.26,28.6,27.2,27.6,2495900,26.1,MEXCHEM.MX
2010-01-26,27.81,28.0,27.3,27.62,2353400,26.17,MEXCHEM.MX
2010-01-27,27.6,28.12,27.2,28.0,3614200,26.53,MEXCHEM.MX
2010-01-28,27.95,28.7,27.5,28.39,2445400,26.9,MEXCHEM.MX
2010-01-29,28.4,29.21,27.5,28.1,3741600,26.63,MEXCHEM.MX
2010-02-01,28.1,28.1,28.1,28.1,0,26.63,MEXCHEM.MX
2010-02-02,29.78,30.25,27.69,30.0,0,28.43,MEXCHEM.MX
2010-02-03,30.0,30.7,29.7,30.25,9178500,28.67,MEXCHEM.MX
2010-02-04,29.97,29.97,29.52,29.72,5493000,28.16,MEXCHEM.MX
2010-02-05,29.66,29.8,29.01,29.8,3171700,28.24,MEXCHEM.MX
2010-02-08,29.8,30.2,29.35,29.74,2740800,28.18,MEXCHEM.MX
2010-02-09,30.06,30.6,30.0,30.46,4651600,28.87,MEXCHEM.MX
2010-02-10,30.44,30.6,30.16,30.36,3971700,28.77,MEXCHEM.MX
2010-02-11,30.41,30.8,30.17,30.17,1738800,28.59,MEXCHEM.MX
2010-02-12,30.3,30.34,29.91,30.19,1569500,28.61,MEXCHEM.MX
2010-02-15,30.09,30.12,29.7,30.12,395700,28.54,MEXCHEM.MX
2010-02-16,30.01,30.49,30.0,30.49,2159700,28.89,MEXCHEM.MX
2010-02-17,30.4,30.8,30.4,30.8,2220600,29.19,MEXCHEM.MX
2010-02-18,30.8,31.5,30.5,31.39,4628100,29.75,MEXCHEM.MX
2010-02-19,31.4,31.9,31.3,31.5,3161100,29.85,MEXCHEM.MX
2010-02-22,31.5,31.8,31.16,31.5,3986100,29.85,MEXCHEM.MX
2010-02-23,31.3,31.5,30.92,31.19,1404700,29.56,MEXCHEM.MX
2010-02-24,31.26,31.49,31.19,31.26,1397900,29.62,MEXCHEM.MX
2010-02-25,30.82,31.18,30.69,30.82,1689500,29.21,MEXCHEM.MX
2010-02-26,29.79,31.39,29.51,29.79,3625700,28.23,MEXCHEM.MX
2010-03-01,30.77,31.25,29.85,30.77,3525000,29.16,MEXCHEM.MX
2010-03-02,31.26,31.39,31.0,31.26,2842900,29.62,MEXCHEM.MX
2010-03-03,31.18,31.49,31.1,31.18,2152300,29.55,MEXCHEM.MX
2010-03-04,30.76,31.17,30.42,30.76,2450300,29.15,MEXCHEM.MX
2010-03-05,30.52,31.35,30.31,30.52,3283300,28.92,MEXCHEM.MX
2010-03-08,30.87,30.9,30.52,30.87,1098500,29.25,MEXCHEM.MX
2010-03-09,32.29,32.4,30.87,32.29,5604500,30.6,MEXCHEM.MX
2010-03-10,32.55,33.41,32.14,32.55,3949300,30.85,MEXCHEM.MX
2010-03-11,32.87,33.0,31.8,32.87,2912700,31.15,MEXCHEM.MX
2010-03-12,33.54,33.6,33.1,33.54,3913400,31.78,MEXCHEM.MX
2010-03-15,33.5,33.5,33.5,33.5,0,31.75,MEXCHEM.MX
2010-03-16,33.91,34.34,33.45,33.91,2908100,32.13,MEXCHEM.MX
2010-03-17,33.71,34.22,33.6,33.71,2399200,31.95,MEXCHEM.MX
2010-03-18,33.56,33.7,33.05,33.56,2229400,31.8,MEXCHEM.MX
2010-03-19,33.7,34.0,33.2,33.7,2565400,31.94,MEXCHEM.MX
2010-03-22,33.46,34.0,33.02,33.46,1532900,31.71,MEXCHEM.MX
2010-03-23,34.27,34.48,33.3,34.27,3475000,32.48,MEXCHEM.MX
2010-03-24,34.13,34.8,33.8,34.13,2199700,32.34,MEXCHEM.MX
2010-03-25,34.63,34.8,34.0,34.63,4651100,32.82,MEXCHEM.MX
2010-03-26,34.39,35.0,33.99,34.39,1577300,32.59,MEXCHEM.MX
2010-03-29,34.91,35.1,34.3,34.91,1165500,33.08,MEXCHEM.MX
2010-03-30,35.53,35.7,34.91,35.53,2450000,33.67,MEXCHEM.MX
2010-03-31,36.8,37.0,35.53,36.8,3897500,34.87,MEXCHEM.MX
2010-04-01,36.35,36.35,36.35,36.35,0,34.45,MEXCHEM.MX
2010-04-02,36.35,36.35,36.35,36.35,0,34.45,MEXCHEM.MX
2010-04-05,37.93,38.0,36.85,37.93,3003200,35.94,MEXCHEM.MX
2010-04-06,38.23,38.8,37.9,38.23,2864000,36.23,MEXCHEM.MX
2010-04-07,37.16,38.5,37.0,37.16,7156400,35.21,MEXCHEM.MX
2010-04-08,37.96,38.1,36.5,37.96,3552500,35.97,MEXCHEM.MX
2010-04-09,38.1,38.49,38.05,38.1,1723600,36.11,MEXCHEM.MX
2010-04-12,37.93,38.3,37.75,37.93,1458500,35.94,MEXCHEM.MX
2010-04-13,37.79,37.95,37.31,37.79,2711800,35.81,MEXCHEM.MX
2010-04-14,38.07,38.4,37.81,38.07,1580800,36.08,MEXCHEM.MX
2010-04-15,38.0,38.1,37.8,38.0,1493800,36.01,MEXCHEM.MX
2010-04-16,37.16,38.05,36.61,37.16,3461800,35.21,MEXCHEM.MX
2010-04-19,36.98,37.78,36.8,36.98,1770700,35.04,MEXCHEM.MX
2010-04-20,37.71,38.1,37.01,37.71,1918500,35.74,MEXCHEM.MX
2010-04-21,37.42,37.71,37.1,37.42,5708800,35.46,MEXCHEM.MX
2010-04-22,37.27,37.5,36.8,37.27,2902100,35.32,MEXCHEM.MX
2010-04-23,37.18,37.6,36.68,37.18,1819300,35.23,MEXCHEM.MX
2010-04-26,36.47,37.55,36.25,36.47,2247600,34.56,MEXCHEM.MX
2010-04-27,34.75,36.27,34.5,34.75,4394400,32.98,MEXCHEM.MX
2010-04-28,35.51,35.6,33.51,35.51,5773900,33.7,MEXCHEM.MX
2010-04-29,36.33,36.77,35.9,36.33,4080300,34.48,MEXCHEM.MX
2010-04-30,35.25,36.73,34.81,35.25,4021500,33.45,MEXCHEM.MX
2010-05-03,35.37,36.29,34.49,35.37,2650500,33.57,MEXCHEM.MX
2010-05-04,35.25,35.76,34.21,35.13,4609000,33.34,MEXCHEM.MX
2010-05-05,35.18,35.89,34.6,35.18,2540600,33.39,MEXCHEM.MX
2010-05-06,34.28,35.88,33.75,34.28,4653100,32.53,MEXCHEM.MX
2010-05-07,34.44,35.3,33.69,34.44,2968800,32.69,MEXCHEM.MX
2010-05-10,36.27,37.9,35.55,36.27,2400400,34.42,MEXCHEM.MX
2010-05-11,36.06,36.26,35.47,36.06,1359200,34.22,MEXCHEM.MX
2010-05-12,36.46,36.6,36.0,36.46,2080000,34.6,MEXCHEM.MX
2010-05-13,35.82,36.5,35.51,35.82,1282800,34.0,MEXCHEM.MX
2010-05-14,34.78,35.6,34.35,34.78,2349500,33.01,MEXCHEM.MX
2010-05-17,34.78,34.78,33.6,34.38,2402600,32.63,MEXCHEM.MX
2010-05-18,34.65,34.8,33.5,33.79,2682600,32.07,MEXCHEM.MX
2010-05-19,34.17,34.78,33.6,34.17,2402600,32.43,MEXCHEM.MX
2010-05-20,32.82,33.31,32.2,32.82,3228500,31.15,MEXCHEM.MX
2010-05-21,33.59,33.9,32.6,33.59,2200100,31.88,MEXCHEM.MX
2010-05-24,33.37,33.9,33.01,33.37,2606100,31.67,MEXCHEM.MX
2010-05-25,33.15,33.37,32.35,33.15,3183000,31.46,MEXCHEM.MX
2010-05-26,33.26,34.15,32.9,33.26,6519700,31.57,MEXCHEM.MX
2010-05-27,34.93,35.2,33.5,34.93,4438100,33.15,MEXCHEM.MX
2010-05-28,34.45,35.5,34.25,34.45,3917400,32.7,MEXCHEM.MX
2010-05-31,33.99,34.95,33.02,33.99,2869900,32.26,MEXCHEM.MX
2010-06-01,33.56,34.49,33.32,33.56,2681700,31.85,MEXCHEM.MX
2010-06-02,34.33,34.6,33.4,34.33,2999600,32.58,MEXCHEM.MX
2010-06-03,34.44,34.85,33.6,34.0,1892500,32.27,MEXCHEM.MX
2010-06-04,33.4,33.74,33.21,33.4,1422900,31.7,MEXCHEM.MX
2010-06-07,32.47,33.5,32.34,32.47,1709800,30.82,MEXCHEM.MX
2010-06-08,32.73,33.18,31.95,32.73,2126100,31.06,MEXCHEM.MX
2010-06-09,32.82,33.39,32.31,32.82,1807200,31.15,MEXCHEM.MX
2010-06-10,34.61,34.95,33.2,34.61,5557500,32.85,MEXCHEM.MX
2010-06-11,35.03,35.2,34.1,35.03,2781200,33.25,MEXCHEM.MX
2010-06-14,35.21,36.5,35.06,35.21,3542900,33.42,MEXCHEM.MX
2010-06-15,35.42,35.85,35.18,35.42,1657400,33.62,MEXCHEM.MX
2010-06-16,35.55,35.8,35.4,35.55,1918500,33.74,MEXCHEM.MX
2010-06-17,35.54,35.7,35.01,35.54,1011800,33.73,MEXCHEM.MX
2010-06-18,35.73,35.94,35.02,35.73,2151500,33.91,MEXCHEM.MX
2010-06-21,35.76,36.5,35.6,35.76,1608500,33.94,MEXCHEM.MX
2010-06-22,35.29,36.3,35.05,35.29,20364900,33.49,MEXCHEM.MX
2010-06-23,35.4,35.54,34.41,35.4,2892100,33.6,MEXCHEM.MX
2010-06-24,35.34,35.45,35.01,35.34,951500,33.54,MEXCHEM.MX
2010-06-25,35.59,35.8,35.02,35.59,1384200,33.78,MEXCHEM.MX
2010-06-28,35.44,35.89,35.16,35.44,815200,33.64,MEXCHEM.MX
2010-06-29,34.03,35.27,33.91,34.03,3665900,32.3,MEXCHEM.MX
2010-06-30,33.55,34.31,33.41,33.55,3554800,31.84,MEXCHEM.MX
2010-07-01,32.89,33.6,32.02,32.89,4299200,31.22,MEXCHEM.MX
2010-07-02,33.13,33.4,32.66,33.13,2039500,31.44,MEXCHEM.MX
2010-07-05,33.3,33.39,33.1,33.3,978800,31.6,MEXCHEM.MX
2010-07-06,33.83,34.2,33.6,33.83,2918900,32.11,MEXCHEM.MX
2010-07-07,34.15,34.45,33.83,34.15,2343000,32.41,MEXCHEM.MX
2010-07-08,34.26,34.6,33.93,34.26,2116700,32.52,MEXCHEM.MX
2010-07-09,34.45,34.49,34.2,34.45,1521800,32.7,MEXCHEM.MX
2010-07-12,34.7,34.85,34.4,34.78,0,33.01,MEXCHEM.MX
2010-07-13,35.19,35.3,34.62,35.19,1282900,33.4,MEXCHEM.MX
2010-07-14,35.29,35.49,34.93,35.29,1782200,33.49,MEXCHEM.MX
2010-07-15,35.43,35.45,35.03,35.43,935000,33.63,MEXCHEM.MX
2010-07-16,34.57,35.45,34.38,34.57,1135300,32.81,MEXCHEM.MX
2010-07-19,34.46,34.99,34.34,34.46,670700,32.71,MEXCHEM.MX
2010-07-20,34.65,34.85,34.01,34.65,598600,32.89,MEXCHEM.MX
2010-07-21,35.24,35.36,34.75,35.24,2823600,33.45,MEXCHEM.MX
2010-07-22,35.68,35.75,35.24,35.68,2243600,33.86,MEXCHEM.MX
2010-07-23,35.93,36.0,35.65,35.93,1936400,34.1,MEXCHEM.MX
2010-07-26,35.96,36.0,35.45,35.96,1399600,34.13,MEXCHEM.MX
2010-07-27,35.65,36.0,35.51,35.65,1137600,33.89,MEXCHEM.MX
2010-07-28,35.6,35.92,35.21,35.6,1618000,33.84,MEXCHEM.MX
2010-07-29,35.68,35.93,35.4,35.68,1873500,33.91,MEXCHEM.MX
2010-07-30,35.11,35.95,35.05,35.11,3203800,33.37,MEXCHEM.MX
2010-08-02,35.43,35.67,35.22,35.43,3672900,33.68,MEXCHEM.MX
2010-08-03,35.27,35.7,35.05,35.27,986800,33.53,MEXCHEM.MX
2010-08-04,35.41,35.55,35.01,35.41,2328700,33.66,MEXCHEM.MX
2010-08-05,35.86,35.9,35.4,35.86,3863600,34.09,MEXCHEM.MX
2010-08-06,35.73,35.9,35.5,35.7,2336100,33.93,MEXCHEM.MX
2010-08-09,35.55,35.88,35.55,35.77,851400,34.0,MEXCHEM.MX
2010-08-10,35.79,35.86,35.0,35.79,3233000,34.02,MEXCHEM.MX
2010-08-11,35.34,35.9,35.21,35.34,1438200,33.59,MEXCHEM.MX
2010-08-12,35.37,35.63,35.21,35.37,1472300,33.62,MEXCHEM.MX
2010-08-13,35.6,35.69,35.3,35.6,480700,33.84,MEXCHEM.MX
2010-08-16,35.54,35.72,35.3,35.54,902900,33.78,MEXCHEM.MX
2010-08-17,35.54,35.7,35.31,35.54,1609100,33.78,MEXCHEM.MX
2010-08-18,35.67,35.75,35.36,35.67,2139900,33.91,MEXCHEM.MX
2010-08-19,35.06,35.79,35.02,35.06,1748200,33.33,MEXCHEM.MX
2010-08-20,34.83,35.2,34.65,34.83,1343300,33.11,MEXCHEM.MX
2010-08-23,34.65,35.0,34.6,34.65,1369200,32.94,MEXCHEM.MX
2010-08-24,34.07,34.59,34.01,34.07,1310100,32.38,MEXCHEM.MX
2010-08-25,33.69,34.0,33.12,33.69,2672200,32.02,MEXCHEM.MX
2010-08-26,33.28,33.9,33.0,33.28,1582500,31.63,MEXCHEM.MX
2010-08-27,34.46,34.65,33.35,34.46,1512500,32.76,MEXCHEM.MX
2010-08-30,34.07,34.45,33.8,34.07,873600,32.38,MEXCHEM.MX
2010-08-31,33.98,34.22,33.52,33.98,3198500,32.3,MEXCHEM.MX
2010-09-01,34.27,34.6,34.05,34.27,2780300,32.57,MEXCHEM.MX
2010-09-02,33.93,34.68,33.75,33.93,1414300,32.25,MEXCHEM.MX
2010-09-03,34.47,34.98,34.2,34.47,1291900,32.76,MEXCHEM.MX
2010-09-06,34.84,35.0,34.25,34.84,350800,33.12,MEXCHEM.MX
2010-09-07,34.22,34.73,34.16,34.22,2762900,32.53,MEXCHEM.MX
2010-09-08,33.87,34.4,33.83,33.87,3028700,32.19,MEXCHEM.MX
2010-09-09,34.14,34.35,33.91,34.14,1493000,32.45,MEXCHEM.MX
2010-09-10,34.02,34.25,33.85,34.02,1536600,32.34,MEXCHEM.MX
2010-09-13,34.66,34.88,34.05,34.66,2427400,32.95,MEXCHEM.MX
2010-09-14,34.95,35.1,34.57,34.95,2267100,33.22,MEXCHEM.MX
2010-09-15,34.82,35.14,34.41,34.82,1086200,33.1,MEXCHEM.MX
2010-09-16,34.85,34.85,34.85,34.85,0,33.13,MEXCHEM.MX
2010-09-17,34.85,34.85,34.85,34.85,0,33.13,MEXCHEM.MX
2010-09-20,35.21,35.3,34.83,35.21,1915200,33.47,MEXCHEM.MX
2010-09-21,35.24,35.45,35.15,35.24,2310900,33.5,MEXCHEM.MX
2010-09-22,35.3,35.35,34.75,35.3,1701000,33.55,MEXCHEM.MX
2010-09-23,34.87,35.27,34.75,34.87,1667200,33.14,MEXCHEM.MX
2010-09-24,35.24,35.35,35.1,35.24,1675400,33.5,MEXCHEM.MX
2010-09-27,35.35,35.45,35.01,35.35,2757800,33.6,MEXCHEM.MX
2010-09-28,35.3,35.4,35.12,35.3,1913200,33.55,MEXCHEM.MX
2010-09-29,35.21,35.38,35.05,35.21,1459600,33.47,MEXCHEM.MX
2010-09-30,35.26,35.5,35.13,35.26,4231500,33.52,MEXCHEM.MX
2010-10-01,35.56,35.65,35.2,35.56,2797500,33.8,MEXCHEM.MX
2010-10-04,35.87,36.0,35.35,35.87,5627500,34.1,MEXCHEM.MX
2010-10-05,37.42,37.5,34.09,37.42,9793200,35.57,MEXCHEM.MX
2010-10-06,37.12,37.4,37.0,37.12,2549900,35.28,MEXCHEM.MX
2010-10-07,36.82,37.3,36.8,36.82,2176300,35.0,MEXCHEM.MX
2010-10-08,37.16,37.27,36.79,37.16,1121500,35.32,MEXCHEM.MX
2010-10-11,37.54,37.75,37.16,37.54,1713500,35.68,MEXCHEM.MX
2010-10-12,37.32,37.5,37.18,37.32,1942200,35.47,MEXCHEM.MX
2010-10-13,37.5,37.7,37.4,37.5,3247800,35.64,MEXCHEM.MX
2010-10-14,37.2,37.53,37.15,37.2,1961600,35.36,MEXCHEM.MX
2010-10-15,36.99,37.22,36.8,36.99,1255000,35.16,MEXCHEM.MX
2010-10-18,37.19,37.19,36.76,37.0,877000,35.17,MEXCHEM.MX
2010-10-19,37.04,37.19,36.65,36.79,1341600,34.97,MEXCHEM.MX
2010-10-20,36.79,37.8,36.79,37.22,2297500,35.38,MEXCHEM.MX
2010-10-21,37.53,37.7,37.25,37.53,1672100,35.67,MEXCHEM.MX
2010-10-22,37.6,38.0,37.5,37.8,2133800,35.93,MEXCHEM.MX
2010-10-25,37.89,38.1,37.7,37.84,1918000,35.97,MEXCHEM.MX
2010-10-26,37.52,37.89,37.22,37.52,2461200,35.72,MEXCHEM.MX
2010-10-27,37.95,38.0,37.4,37.95,1698000,36.13,MEXCHEM.MX
2010-10-28,39.11,39.3,38.06,39.11,8265100,37.23,MEXCHEM.MX
2010-10-29,39.06,39.6,38.91,39.06,3753100,37.18,MEXCHEM.MX
2010-11-01,38.93,39.65,38.6,38.93,1680300,37.06,MEXCHEM.MX
2010-11-02,38.99,38.99,38.99,38.99,0,37.12,MEXCHEM.MX
2010-11-03,39.7,39.74,38.94,39.7,2872300,37.79,MEXCHEM.MX
2010-11-04,40.61,40.76,39.7,40.61,5552700,38.66,MEXCHEM.MX
2010-11-05,40.48,40.7,40.15,40.48,3146200,38.53,MEXCHEM.MX
2010-11-08,40.91,41.0,40.15,40.91,2332800,38.94,MEXCHEM.MX
2010-11-09,40.92,41.33,40.61,40.92,4898700,38.95,MEXCHEM.MX
2010-11-10,41.24,41.35,40.61,41.24,2462400,39.26,MEXCHEM.MX
2010-11-11,40.69,41.22,40.6,40.69,2854400,38.73,MEXCHEM.MX
2010-11-12,39.64,40.6,39.4,39.64,3636300,37.73,MEXCHEM.MX
2010-11-15,39.89,39.89,39.89,39.89,0,37.97,MEXCHEM.MX
2010-11-16,39.24,39.6,39.03,39.24,3435300,37.35,MEXCHEM.MX
2010-11-17,39.63,39.9,39.11,39.63,1329600,37.72,MEXCHEM.MX
2010-11-18,40.97,40.99,39.87,40.97,5312200,39.0,MEXCHEM.MX
2010-11-19,41.9,42.05,40.65,41.9,3923900,39.89,MEXCHEM.MX
2010-11-22,42.66,42.7,41.8,42.66,3234000,40.61,MEXCHEM.MX
2010-11-23,41.86,42.39,41.5,41.86,3171300,39.85,MEXCHEM.MX
2010-11-24,43.26,43.55,41.99,43.26,5473700,41.18,MEXCHEM.MX
2010-11-25,43.37,43.5,43.12,43.37,1526100,41.28,MEXCHEM.MX
2010-11-26,42.94,43.59,42.6,42.94,1785500,40.88,MEXCHEM.MX
2010-11-29,42.82,43.5,42.15,42.82,2079200,40.76,MEXCHEM.MX
2010-11-30,42.58,42.9,42.43,42.58,2738700,40.53,MEXCHEM.MX
2010-12-01,43.19,43.38,42.85,43.19,2862700,41.11,MEXCHEM.MX
2010-12-02,43.25,43.71,43.05,43.25,2746300,41.17,MEXCHEM.MX
2010-12-03,43.13,43.45,42.77,43.13,1164300,41.06,MEXCHEM.MX
2010-12-06,43.53,43.7,42.5,43.53,1737200,41.44,MEXCHEM.MX
2010-12-07,43.31,43.92,42.81,43.31,2243600,41.23,MEXCHEM.MX
2010-12-08,43.48,43.7,43.0,43.48,1664400,41.39,MEXCHEM.MX
2010-12-09,42.64,43.6,42.05,42.64,3264300,40.59,MEXCHEM.MX
2010-12-10,42.47,42.64,42.1,42.47,4066700,40.43,MEXCHEM.MX
2010-12-13,42.68,42.9,42.5,42.68,1693400,40.63,MEXCHEM.MX
2010-12-14,42.2,42.94,42.11,42.2,4036800,40.17,MEXCHEM.MX
2010-12-15,42.43,42.9,42.01,42.43,2832000,40.39,MEXCHEM.MX
2010-12-16,42.48,42.73,42.31,42.48,1358800,40.44,MEXCHEM.MX
2010-12-17,43.25,43.34,42.3,43.25,4127900,41.17,MEXCHEM.MX
2010-12-20,43.12,44.1,43.01,43.12,2662200,41.05,MEXCHEM.MX
2010-12-21,43.04,43.58,42.96,43.04,3048300,40.97,MEXCHEM.MX
2010-12-22,42.89,43.04,42.65,42.89,744900,40.83,MEXCHEM.MX
2010-12-23,43.1,43.2,42.9,43.1,992100,41.03,MEXCHEM.MX
2010-12-24,43.16,43.2,42.7,43.16,89400,41.08,MEXCHEM.MX
2010-12-27,43.46,43.51,42.7,43.46,722500,41.37,MEXCHEM.MX
2010-12-28,43.47,43.59,43.2,43.47,693300,41.38,MEXCHEM.MX
2010-12-29,43.83,43.9,43.47,43.83,1016200,41.72,MEXCHEM.MX
2010-12-30,43.53,43.95,43.4,43.53,1867100,41.44,MEXCHEM.MX
2010-12-31,44.21,44.45,43.41,44.21,2639300,42.08,MEXCHEM.MX
2011-01-03,44.42,44.84,44.2,44.42,2674500,42.28,MEXCHEM.MX
2011-01-04,44.3,44.69,44.0,44.3,1931600,42.17,MEXCHEM.MX
2011-01-05,44.51,44.7,43.81,44.51,1807100,42.37,MEXCHEM.MX
2011-01-06,44.8,44.94,44.27,44.8,1539400,42.65,MEXCHEM.MX
2011-01-07,44.84,44.99,44.35,44.84,1000600,42.68,MEXCHEM.MX
2011-01-10,44.67,44.98,44.44,44.67,1479500,42.52,MEXCHEM.MX
2011-01-11,45.13,45.95,44.67,45.13,2843100,42.96,MEXCHEM.MX
2011-01-12,45.37,45.6,45.15,45.37,1377000,43.19,MEXCHEM.MX
2011-01-13,45.88,46.15,45.31,45.88,2116800,43.67,MEXCHEM.MX
2011-01-14,44.9,46.0,44.65,44.9,3604100,42.74,MEXCHEM.MX
2011-01-17,44.88,45.4,44.5,44.88,807800,42.72,MEXCHEM.MX
2011-01-18,43.55,44.85,43.1,43.55,6181300,41.46,MEXCHEM.MX
2011-01-19,43.02,43.9,42.8,43.02,3171100,40.95,MEXCHEM.MX
2011-01-20,42.87,43.03,42.02,42.87,3133000,40.81,MEXCHEM.MX
2011-01-21,42.87,43.6,42.5,42.87,1983100,40.81,MEXCHEM.MX
2011-01-24,43.42,43.6,42.75,43.42,2752900,41.33,MEXCHEM.MX
2011-01-25,43.34,43.76,43.04,43.34,1116300,41.32,MEXCHEM.MX
2011-01-26,43.87,43.9,43.05,43.87,2002800,41.83,MEXCHEM.MX
2011-01-27,43.82,44.0,43.55,43.82,1541200,41.78,MEXCHEM.MX
2011-01-28,42.93,43.71,42.78,42.93,2448800,40.93,MEXCHEM.MX
2011-01-31,43.31,43.4,42.4,43.31,2232500,41.29,MEXCHEM.MX
2011-02-01,44.44,44.59,43.3,44.44,2856200,42.37,MEXCHEM.MX
2011-02-02,44.65,44.9,44.02,44.65,2882200,42.57,MEXCHEM.MX
2011-02-03,44.42,44.65,43.71,44.42,1582100,42.35,MEXCHEM.MX
2011-02-04,44.85,45.0,44.15,44.85,1806700,42.76,MEXCHEM.MX
2011-02-08,44.27,45.24,44.1,44.27,3353100,42.21,MEXCHEM.MX
2011-02-09,43.12,44.5,42.95,43.12,2234800,41.11,MEXCHEM.MX
2011-02-10,42.78,43.12,42.55,42.78,2868100,40.79,MEXCHEM.MX
2011-02-11,43.57,43.7,42.7,43.57,1485000,41.54,MEXCHEM.MX
2011-02-14,43.77,43.93,43.4,43.77,861900,41.73,MEXCHEM.MX
2011-02-15,43.4,43.87,43.05,43.4,1167600,41.38,MEXCHEM.MX
2011-02-16,43.61,43.88,43.19,43.61,1317600,41.58,MEXCHEM.MX
2011-02-17,43.44,43.88,43.3,43.44,862400,41.42,MEXCHEM.MX
2011-02-18,43.32,43.79,43.15,43.32,1074500,41.3,MEXCHEM.MX
2011-02-21,42.67,43.5,42.61,42.67,1034500,40.68,MEXCHEM.MX
2011-02-22,41.32,42.75,40.55,41.32,3248900,39.4,MEXCHEM.MX
2011-02-23,40.89,42.0,40.25,40.89,2938300,38.99,MEXCHEM.MX
2011-02-24,41.2,41.79,41.03,41.2,1934400,39.28,MEXCHEM.MX
2011-02-25,42.93,43.15,41.35,42.93,2537100,40.93,MEXCHEM.MX
2011-02-28,43.5,43.6,42.9,43.5,3516000,41.48,MEXCHEM.MX
2011-03-02,42.17,43.14,41.8,42.17,2494200,40.21,MEXCHEM.MX
2011-03-03,42.6,42.85,42.5,42.6,2956000,40.62,MEXCHEM.MX
2011-03-04,42.38,42.99,42.15,42.38,2815600,40.41,MEXCHEM.MX
2011-03-07,42.1,42.38,41.89,42.1,810900,40.14,MEXCHEM.MX
2011-03-08,42.16,42.45,41.61,42.16,1466300,40.2,MEXCHEM.MX
2011-03-09,42.11,42.5,42.0,42.11,1659100,40.15,MEXCHEM.MX
2011-03-10,41.52,42.29,40.8,41.52,1467600,39.59,MEXCHEM.MX
2011-03-11,41.98,42.2,40.86,41.98,1243400,40.03,MEXCHEM.MX
2011-03-14,41.11,41.98,40.81,41.11,1549700,39.2,MEXCHEM.MX
2011-03-15,41.13,41.5,39.76,41.13,1890600,39.22,MEXCHEM.MX
2011-03-16,40.41,41.65,40.15,40.41,2356900,38.53,MEXCHEM.MX
2011-03-17,40.54,41.15,40.21,40.54,1265900,38.65,MEXCHEM.MX
2011-03-18,40.78,41.5,40.44,40.78,3089200,38.88,MEXCHEM.MX
2011-03-22,41.26,41.9,40.01,41.26,1739900,39.34,MEXCHEM.MX
2011-03-23,42.11,42.45,41.3,42.11,1787400,40.15,MEXCHEM.MX
2011-03-24,42.46,42.6,42.0,42.46,2727600,40.48,MEXCHEM.MX
2011-03-25,42.41,42.98,42.05,42.41,1648800,40.44,MEXCHEM.MX
2011-03-28,42.37,42.5,42.0,42.37,551800,40.4,MEXCHEM.MX
2011-03-29,42.45,42.54,42.11,42.45,645400,40.47,MEXCHEM.MX
2011-03-30,44.57,44.99,42.45,44.57,5614600,42.5,MEXCHEM.MX
2011-03-31,44.54,44.9,44.1,44.54,3308200,42.47,MEXCHEM.MX
2011-04-04,45.09,45.2,44.82,45.09,2350100,42.99,MEXCHEM.MX
2011-04-05,44.9,45.2,44.7,44.9,885500,42.81,MEXCHEM.MX
2011-04-06,44.61,45.2,44.51,44.61,1378700,42.53,MEXCHEM.MX
2011-04-07,44.93,45.0,43.91,44.93,3083100,42.84,MEXCHEM.MX
2011-04-08,45.04,45.19,44.7,45.04,973200,42.94,MEXCHEM.MX
2011-04-11,45.42,45.48,44.61,45.42,1359800,43.31,MEXCHEM.MX
2011-04-12,45.02,45.54,44.9,45.02,1590500,42.92,MEXCHEM.MX
2011-04-13,44.94,45.22,44.6,44.94,1062000,42.85,MEXCHEM.MX
2011-04-14,44.71,44.94,44.3,44.71,1332600,42.63,MEXCHEM.MX
2011-04-15,44.49,45.0,44.22,44.49,1988200,42.42,MEXCHEM.MX
2011-04-18,43.02,44.49,42.93,43.02,2242500,41.02,MEXCHEM.MX
2011-04-19,43.43,43.49,42.38,43.43,1191000,41.41,MEXCHEM.MX
2011-04-20,44.23,44.48,43.6,44.23,1209700,42.17,MEXCHEM.MX
2011-05-02,44.48,44.7,43.7,44.48,2248800,42.46,MEXCHEM.MX
2011-05-03,44.06,44.9,44.0,44.06,1459300,42.06,MEXCHEM.MX
2011-05-04,44.73,44.98,44.0,44.73,5539900,42.7,MEXCHEM.MX
2011-05-05,44.86,44.99,44.4,44.86,2098500,42.82,MEXCHEM.MX
2011-05-06,44.77,45.5,44.35,44.77,2343500,42.74,MEXCHEM.MX
2011-05-09,45.44,45.5,44.15,45.44,1506500,43.38,MEXCHEM.MX
2011-05-10,47.01,47.23,45.31,47.01,4261100,44.88,MEXCHEM.MX
2011-05-11,46.66,47.01,46.3,46.66,1776000,44.54,MEXCHEM.MX
2011-05-12,46.56,46.94,45.85,46.56,1487200,44.45,MEXCHEM.MX
2011-05-13,46.17,46.8,45.51,46.17,2077500,44.08,MEXCHEM.MX
2011-05-16,45.94,49.7,45.6,45.94,1493700,43.86,MEXCHEM.MX
2011-05-17,44.73,46.7,44.53,44.73,2765300,42.7,MEXCHEM.MX
2011-05-18,45.62,45.7,44.49,45.62,1991500,43.55,MEXCHEM.MX
2011-05-19,45.24,46.0,45.0,45.24,1778200,43.19,MEXCHEM.MX
2011-05-20,44.94,45.45,44.68,44.94,1992600,42.9,MEXCHEM.MX
2011-05-23,43.92,44.7,43.5,43.92,1964400,41.93,MEXCHEM.MX
2011-05-24,43.8,44.25,43.0,43.8,1332300,41.81,MEXCHEM.MX
2011-05-25,44.43,44.65,43.56,44.43,1315300,42.41,MEXCHEM.MX
2011-05-26,45.08,45.3,44.11,45.08,1918800,43.04,MEXCHEM.MX
2011-05-27,45.52,45.7,43.5,45.52,2311900,43.46,MEXCHEM.MX
2011-05-30,45.27,45.53,44.99,45.27,808900,43.22,MEXCHEM.MX
2011-05-31,45.17,45.6,45.05,45.17,8816400,43.12,MEXCHEM.MX
2011-06-01,45.17,45.6,44.87,45.17,3077000,43.12,MEXCHEM.MX
2011-06-02,45.31,45.55,45.0,45.31,1293400,43.25,MEXCHEM.MX
2011-06-03,45.29,45.57,45.2,45.29,1546300,43.24,MEXCHEM.MX
2011-06-06,44.86,45.44,44.4,44.86,1444200,42.82,MEXCHEM.MX
2011-06-07,45.04,45.2,44.5,45.04,2489700,43.0,MEXCHEM.MX
2011-06-08,44.93,45.25,44.7,44.93,1596700,42.89,MEXCHEM.MX
2011-06-09,45.41,45.5,44.93,45.41,2827600,43.35,MEXCHEM.MX
2011-06-10,45.27,45.45,45.02,45.27,1092900,43.22,MEXCHEM.MX
2011-06-13,45.81,46.2,45.2,45.81,1794200,43.73,MEXCHEM.MX
2011-06-14,46.44,46.5,45.81,46.44,2624700,44.33,MEXCHEM.MX
2011-06-15,46.34,46.5,45.9,46.34,1163700,44.24,MEXCHEM.MX
2011-06-16,46.25,46.57,45.6,46.25,1121600,44.15,MEXCHEM.MX
2011-06-17,45.29,46.49,45.12,45.29,2087300,43.24,MEXCHEM.MX
2011-06-20,45.22,45.9,45.02,45.22,517900,43.17,MEXCHEM.MX
2011-06-21,45.26,45.7,45.18,45.26,1062500,43.21,MEXCHEM.MX
2011-06-22,45.13,45.87,44.91,45.13,1507500,43.08,MEXCHEM.MX
2011-06-23,45.1,45.35,44.5,45.1,1050000,43.05,MEXCHEM.MX
2011-06-24,45.16,45.4,45.01,45.16,987000,43.11,MEXCHEM.MX
2011-06-27,45.6,45.8,45.15,45.6,487400,43.53,MEXCHEM.MX
2011-06-28,46.4,46.5,45.75,46.4,3168000,44.3,MEXCHEM.MX
2011-06-29,47.39,48.2,47.0,47.39,5930100,45.24,MEXCHEM.MX
2011-06-30,47.19,47.99,47.0,47.19,2256600,45.05,MEXCHEM.MX
2011-07-04,47.97,48.3,47.76,47.97,399900,45.79,MEXCHEM.MX
2011-07-05,47.61,48.45,46.9,47.61,2564200,45.45,MEXCHEM.MX
2011-07-06,49.29,49.49,47.26,49.29,2708800,47.05,MEXCHEM.MX
2011-07-07,49.33,50.0,49.27,49.33,2266100,47.09,MEXCHEM.MX
2011-07-08,49.17,49.5,48.6,49.17,1412800,46.94,MEXCHEM.MX
2011-07-11,48.94,49.21,48.51,48.94,1256400,46.72,MEXCHEM.MX
2011-07-12,48.87,49.15,48.57,48.87,1266700,46.65,MEXCHEM.MX
2011-07-13,48.89,49.6,48.6,48.89,1678800,46.67,MEXCHEM.MX
2011-07-14,48.77,49.2,48.5,48.77,1216800,46.56,MEXCHEM.MX
2011-07-15,49.12,49.3,48.1,49.12,1018400,46.89,MEXCHEM.MX
2011-07-18,48.44,49.12,48.21,48.44,1396500,46.24,MEXCHEM.MX
2011-07-19,48.8,49.0,48.01,48.8,1478400,46.59,MEXCHEM.MX
2011-07-20,48.52,48.9,48.3,48.52,1848000,46.32,MEXCHEM.MX
2011-07-21,48.76,49.0,48.1,48.76,1346300,46.55,MEXCHEM.MX
2011-07-22,48.63,49.12,48.24,48.63,1753800,46.42,MEXCHEM.MX
2011-07-25,48.79,49.0,48.28,48.79,1080700,46.58,MEXCHEM.MX
2011-07-26,48.97,49.28,48.79,48.97,625900,46.82,MEXCHEM.MX
2011-07-27,49.28,50.81,48.15,49.28,2131100,47.11,MEXCHEM.MX
2011-07-28,50.48,50.7,49.49,50.48,3667600,48.26,MEXCHEM.MX
2011-07-29,50.64,51.25,49.5,50.64,1923700,48.41,MEXCHEM.MX
2011-08-01,51.13,51.75,51.0,51.13,1632300,48.88,MEXCHEM.MX
2011-08-02,49.06,51.0,48.71,49.06,2228900,46.9,MEXCHEM.MX
2011-08-03,47.88,49.45,46.53,47.88,4904500,45.77,MEXCHEM.MX
2011-08-04,46.84,48.0,46.56,46.84,4720700,44.78,MEXCHEM.MX
2011-08-05,47.07,48.0,44.5,47.07,6070600,45.0,MEXCHEM.MX
2011-08-08,43.14,46.4,41.55,43.14,4440300,41.24,MEXCHEM.MX
2011-08-09,45.27,45.8,43.5,45.27,7257400,43.28,MEXCHEM.MX
2011-08-10,43.67,45.27,43.5,43.67,3343900,41.75,MEXCHEM.MX
2011-08-11,45.6,46.4,43.68,45.6,4283800,43.59,MEXCHEM.MX
2011-08-12,45.97,46.65,45.14,45.97,2040400,43.95,MEXCHEM.MX
2011-08-15,46.6,46.7,45.97,46.6,1059700,44.55,MEXCHEM.MX
2011-08-16,46.69,46.98,45.7,46.69,1865300,44.64,MEXCHEM.MX
2011-08-17,46.77,47.25,46.51,46.77,1791300,44.71,MEXCHEM.MX
2011-08-18,47.97,49.19,45.2,47.97,5557500,45.86,MEXCHEM.MX
2011-08-19,46.74,47.87,46.47,46.74,2100800,44.68,MEXCHEM.MX
2011-08-22,46.47,47.5,46.3,46.47,1839700,44.43,MEXCHEM.MX
2011-08-24,46.54,47.24,46.4,46.54,4457000,44.49,MEXCHEM.MX
2011-08-25,45.5,46.98,45.39,45.5,2734100,43.5,MEXCHEM.MX
2011-08-26,46.04,46.42,44.66,46.04,2010400,44.01,MEXCHEM.MX
2011-08-29,46.76,46.91,46.42,46.76,2480200,44.7,MEXCHEM.MX
2011-08-30,47.75,47.94,46.68,47.75,2440600,45.65,MEXCHEM.MX
2011-08-31,49.75,50.0,47.76,49.75,7884600,47.56,MEXCHEM.MX
2011-09-01,48.89,50.5,48.05,48.89,3014000,46.74,MEXCHEM.MX
2011-09-02,48.03,49.0,47.9,48.03,1959900,45.92,MEXCHEM.MX
2011-09-05,46.26,47.8,46.07,46.26,1263000,44.22,MEXCHEM.MX
2011-09-06,46.64,47.49,46.26,46.64,3303300,44.59,MEXCHEM.MX
2011-09-07,47.64,47.8,46.64,47.64,1893300,45.54,MEXCHEM.MX
2011-09-08,47.48,48.48,47.07,47.48,1644100,45.39,MEXCHEM.MX
2011-09-09,46.35,47.49,46.17,46.35,2759800,44.31,MEXCHEM.MX
2011-09-12,46.37,46.68,45.03,46.37,1245400,44.33,MEXCHEM.MX
2011-09-13,47.1,47.4,46.4,47.1,1515100,45.03,MEXCHEM.MX
2011-09-14,47.21,47.5,46.32,47.21,2654200,45.13,MEXCHEM.MX
2011-09-15,46.93,47.43,46.75,46.93,2899100,44.87,MEXCHEM.MX
2011-09-19,47.47,47.95,46.0,47.47,3568400,45.38,MEXCHEM.MX
2011-09-20,46.4,47.89,46.3,46.4,1638100,44.36,MEXCHEM.MX
2011-09-21,45.16,46.79,45.05,45.16,2930200,43.17,MEXCHEM.MX
2011-09-22,42.03,44.89,41.7,42.03,6967700,40.18,MEXCHEM.MX
2011-09-23,41.49,42.27,40.11,41.49,5165800,39.66,MEXCHEM.MX
2011-09-26,42.0,43.36,41.64,43.15,4384700,41.25,MEXCHEM.MX
2011-09-27,43.6,45.0,42.81,43.6,6891700,41.68,MEXCHEM.MX
2011-09-28,42.6,44.2,42.53,42.6,2666000,40.73,MEXCHEM.MX
2011-09-29,42.52,43.8,42.0,42.52,2999300,40.65,MEXCHEM.MX
2011-09-30,42.5,42.56,41.15,41.7,3794500,39.87,MEXCHEM.MX
2011-10-03,42.15,42.4,41.15,41.5,2541200,39.67,MEXCHEM.MX
2011-10-04,41.62,41.19,40.13,41.14,3541600,39.33,MEXCHEM.MX
2011-10-05,41.16,41.87,41.05,41.35,2058900,39.53,MEXCHEM.MX
2011-10-06,41.41,42.69,41.37,42.54,2429900,40.67,MEXCHEM.MX
2011-10-07,42.67,42.95,40.86,40.95,4795400,39.15,MEXCHEM.MX
2011-10-10,41.09,41.44,38.85,39.05,6985000,37.33,MEXCHEM.MX
2011-10-11,39.0,39.5,38.51,38.7,4557700,37.0,MEXCHEM.MX
2011-10-12,39.0,40.18,38.79,39.92,5862000,38.16,MEXCHEM.MX
2011-10-13,39.9,40.59,39.23,40.5,3435800,38.72,MEXCHEM.MX
2011-10-14,40.61,41.52,40.61,40.8,3820900,39.01,MEXCHEM.MX
2011-10-17,41.28,41.28,39.15,39.57,1415600,37.83,MEXCHEM.MX
2011-10-18,39.22,42.1,39.22,42.0,3592800,40.15,MEXCHEM.MX
2011-10-19,41.92,42.48,41.49,42.0,3266700,40.15,MEXCHEM.MX
2011-10-20,41.99,42.49,41.7,42.1,2034600,40.25,MEXCHEM.MX
2011-10-21,42.05,44.0,42.05,43.85,5563100,41.92,MEXCHEM.MX
2011-10-24,44.0,44.85,43.99,44.58,3567600,42.62,MEXCHEM.MX
2011-10-25,44.58,45.38,44.4,44.81,4227100,42.91,MEXCHEM.MX
2011-10-26,45.0,45.8,44.7,45.29,4068600,43.37,MEXCHEM.MX
2011-10-27,45.85,47.3,45.85,46.85,5029800,44.86,MEXCHEM.MX
2011-10-28,46.6,47.69,45.6,46.9,5271900,44.91,MEXCHEM.MX
2011-10-31,46.44,47.01,45.65,45.95,1528900,44.0,MEXCHEM.MX
2011-11-01,44.88,44.88,43.71,44.47,3161900,42.58,MEXCHEM.MX
2011-11-03,45.5,46.51,45.14,46.5,4024300,44.52,MEXCHEM.MX
2011-11-04,46.2,46.4,45.8,46.25,2408800,44.28,MEXCHEM.MX
2011-11-07,46.2,47.2,46.2,46.65,1747500,44.67,MEXCHEM.MX
2011-11-08,47.18,47.91,46.91,47.89,2575200,45.86,MEXCHEM.MX
2011-11-09,46.9,47.49,46.26,47.0,3062800,45.0,MEXCHEM.MX
2011-11-10,47.3,47.77,46.97,47.27,2194500,45.26,MEXCHEM.MX
2011-11-11,47.4,48.5,47.2,48.3,7625900,46.25,MEXCHEM.MX
2011-11-14,48.03,48.09,46.87,47.0,1915200,45.0,MEXCHEM.MX
2011-11-15,46.88,48.5,46.55,48.18,8238200,46.13,MEXCHEM.MX
2011-11-16,47.9,47.98,47.36,47.76,1810100,45.73,MEXCHEM.MX
2011-11-17,47.9,48.69,46.55,46.9,2785900,44.91,MEXCHEM.MX
2011-11-18,47.1,47.44,46.1,46.93,1937100,44.94,MEXCHEM.MX
2011-11-21,46.93,46.93,46.93,46.93,0,44.94,MEXCHEM.MX
2011-11-22,46.47,46.87,45.5,45.8,2585900,43.85,MEXCHEM.MX
2011-11-23,45.6,45.6,44.15,44.55,4255700,42.66,MEXCHEM.MX
2011-11-24,45.5,45.5,44.39,45.02,592600,43.11,MEXCHEM.MX
2011-11-25,45.02,45.8,44.07,44.55,908900,42.66,MEXCHEM.MX
2011-11-28,45.01,46.0,45.01,45.6,2752400,43.66,MEXCHEM.MX
2011-11-29,45.05,45.99,45.05,45.28,1854700,43.36,MEXCHEM.MX
2011-11-30,45.99,49.19,45.8,47.7,7046800,45.67,MEXCHEM.MX
2011-12-01,46.51,47.9,46.05,46.1,2098100,44.14,MEXCHEM.MX
2011-12-02,46.89,47.15,46.45,46.55,1960700,44.57,MEXCHEM.MX
2011-12-05,46.7,47.62,46.7,47.58,1934600,45.56,MEXCHEM.MX
2011-12-06,47.68,47.68,46.2,46.84,2879400,44.85,MEXCHEM.MX
2011-12-07,46.86,46.88,46.22,46.56,2414800,44.58,MEXCHEM.MX
2011-12-08,46.01,46.79,45.85,46.5,2211100,44.52,MEXCHEM.MX
2011-12-09,46.06,47.45,46.06,47.4,1596400,45.39,MEXCHEM.MX
2011-12-12,47.4,47.4,47.4,47.4,0,45.39,MEXCHEM.MX
2011-12-13,47.47,47.47,45.6,46.15,1568000,44.19,MEXCHEM.MX
2011-12-14,46.15,46.37,44.31,44.57,2736600,42.68,MEXCHEM.MX
2011-12-15,44.71,45.37,44.65,44.9,1301200,42.99,MEXCHEM.MX
2011-12-16,44.82,45.39,44.17,44.23,2929400,42.35,MEXCHEM.MX
2011-12-19,44.15,45.51,44.02,44.15,396900,42.27,MEXCHEM.MX
2011-12-20,44.2,45.94,44.2,44.88,1565100,42.97,MEXCHEM.MX
2011-12-21,45.23,45.39,44.3,45.18,1294600,43.26,MEXCHEM.MX
2011-12-22,45.19,45.67,44.75,45.12,2012700,43.2,MEXCHEM.MX
2011-12-23,45.0,45.25,44.01,44.99,1186600,43.08,MEXCHEM.MX
2011-12-26,44.5,44.99,44.5,44.92,218000,43.01,MEXCHEM.MX
2011-12-27,44.85,44.87,44.41,44.79,616800,42.89,MEXCHEM.MX
2011-12-28,45.0,45.2,44.54,44.71,726400,42.81,MEXCHEM.MX
2011-12-29,44.78,45.0,44.01,44.4,1179800,42.51,MEXCHEM.MX
2011-12-30,44.1,44.73,43.46,43.7,1058000,41.84,MEXCHEM.MX
